Keyword,Competition,Competition Level,CPC,Search Volume,Low Top of Page Bid,High Top of Page Bid,Categories,2024-10,2024-09,2024-08,2024-07,2024-06,2024-05,2024-04,2024-03,2024-02,2024-01,2023-12,2023-11,2023-10,2023-09,2023-08,2023-07,2023-06,2023-05,2023-04,2023-03,2023-02,2023-01,2022-12,2022-11,2022-10,2022-09,2022-08,2022-07,2022-06,2022-05,2022-04,2022-03,2022-02,2022-01,2021-12,2021-11,2021-10,2021-09,2021-08,2021-07,2021-06,2021-05,2021-04,2021-03,2021-02,2021-01,2020-12,2020-11,2020-10,2020-09,2020-08,2020-07,2020-06,2020-05,2020-04,2020-03,2020-02,2020-01,2019-12,2019-11,2019-10,2019-09,2019-08,2019-07,2019-06,2019-05,2019-04,2019-03,2019-02,2019-01,2018-12,2018-11,2018-10,2018-09,2018-08,2018-07,2018-06,2018-05,2018-04,2018-03,2018-02,2018-01
access control,0.25,LOW,$14.90,9900.0,$6.09,$25.38,"10004, 10290, 11209",12100,9900,9900,9900,8100,9900,9900,9900,9900,9900,9900,9900,9900,8100,9900,8100,8100,12100,9900,9900,9900,9900,8100,8100,8100,8100,8100,8100,9900,8100,8100,8100,8100,8100,6600,8100,8100,8100.0,6600.0,6600.0,8100.0,8100.0,8100.0,8100.0,8100.0,8100.0,6600.0,8100.0,8100.0,8100.0,8100.0,8100.0,8100.0,8100.0,8100.0,8100.0,8100.0,8100.0,6600.0,6600.0,8100.0,6600.0,8100.0,8100.0,6600.0,6600.0,8100.0,8100.0,6600.0,8100.0,6600.0,6600.0,8100.0,,,,,,,,,
advanced persistent threat,0.11,LOW,$9.56,2400.0,$3.80,$13.46,"10003, 10032, 10042, 13687, 14306",2900,2400,1900,1900,1900,2400,2900,2900,2400,2400,1900,2400,2900,2400,2400,1900,1900,2900,2900,2900,2900,2900,2400,2900,2900,2900,2400,2400,2400,2900,2900,2900,2900,2400,2400,2400,2900,2900.0,1900.0,2400.0,2400.0,2400.0,2900.0,2900.0,2900.0,2400.0,2900.0,2900.0,2900.0,2900.0,2900.0,2900.0,2400.0,2400.0,2900.0,2400.0,2900.0,2400.0,1900.0,2400.0,2400.0,2400.0,1600.0,1600.0,1600.0,1900.0,1900.0,1900.0,1900.0,1600.0,1900.0,1900.0,2400.0,,,,,,,,,
application security,0.29,LOW,$27.05,3600.0,$14.93,$72.00,"10004, 10299, 11065",3600,2900,2900,2900,2900,4400,4400,3600,2900,3600,2900,2900,2900,3600,3600,2900,2900,4400,3600,3600,2900,2900,2900,3600,3600,2900,3600,2900,2900,2900,2900,2900,2400,2900,2400,2400,2900,2400.0,2400.0,2400.0,2400.0,2400.0,2400.0,2900.0,2400.0,2400.0,2400.0,2400.0,2400.0,2400.0,2400.0,2400.0,2400.0,1900.0,1900.0,1900.0,1900.0,1900.0,1300.0,1600.0,1900.0,1600.0,2400.0,1900.0,1900.0,1900.0,2400.0,1900.0,1900.0,1900.0,1600.0,1600.0,,,,,,,,,,
authentication,0.07,LOW,$2.52,49500.0,$1.12,$3.80,"10007, 11495, 13418",60500,49500,49500,49500,40500,40500,49500,49500,49500,49500,40500,40500,40500,40500,40500,40500,40500,40500,40500,40500,40500,40500,33100,33100,40500,40500,40500,33100,40500,40500,40500,40500,40500,40500,33100,40500,40500,40500.0,40500.0,33100.0,33100.0,33100.0,40500.0,40500.0,40500.0,40500.0,40500.0,40500.0,40500.0,40500.0,40500.0,40500.0,33100.0,22200.0,27100.0,22200.0,22200.0,22200.0,18100.0,22200.0,22200.0,22200.0,135000.0,135000.0,110000.0,135000.0,135000.0,135000.0,135000.0,135000.0,110000.0,135000.0,135000.0,,,,,,,,,
authorization,0.08,LOW,$1.34,90500.0,$1.08,$17.47,"10011, 10089",90500,90500,90500,90500,90500,90500,90500,90500,90500,90500,74000,90500,90500,90500,110000,90500,90500,90500,90500,110000,90500,110000,90500,90500,110000,110000,110000,90500,110000,90500,90500,110000,90500,90500,74000,74000,74000,74000.0,60500.0,49500.0,49500.0,49500.0,49500.0,49500.0,49500.0,49500.0,49500.0,49500.0,49500.0,49500.0,49500.0,49500.0,40500.0,22200.0,22200.0,22200.0,22200.0,22200.0,18100.0,18100.0,22200.0,22200.0,22200.0,22200.0,22200.0,22200.0,22200.0,22200.0,22200.0,22200.0,18100.0,22200.0,22200.0,,,,,,,,,
behavioral analytics,0.13,LOW,$17.35,720.0,$5.81,$16.04,"10019, 10168, 10885, 11497, 12204",880,880,720,720,720,720,880,880,720,720,590,590,720,720,590,590,590,720,880,1300,880,880,880,1000,1000,880,1300,880,880,880,1000,1000,1000,880,720,720,720,590.0,590.0,720.0,720.0,720.0,880.0,880.0,720.0,880.0,720.0,880.0,880.0,880.0,720.0,720.0,720.0,590.0,590.0,480.0,720.0,720.0,480.0,720.0,720.0,590.0,18100.0,14800.0,14800.0,14800.0,14800.0,14800.0,14800.0,18100.0,14800.0,14800.0,14800.0,,,,,,,,,
black hat hacking,0.08,LOW,$10.57,260.0,$2.16,$9.96,14306,210,260,260,210,260,260,320,320,260,320,390,390,390,320,880,880,720,880,1000,880,880,1000,1000,1000,1300,1300,1000,880,880,1000,1000,1300,1300,1000,1000,1000,1000,1300.0,1000.0,1000.0,880.0,1300.0,1300.0,1300.0,1000.0,1000.0,1000.0,1300.0,1300.0,1300.0,1000.0,1000.0,1000.0,1000.0,1300.0,1000.0,1000.0,880.0,1000.0,1000.0,1300.0,1000.0,4400.0,3600.0,2900.0,3600.0,4400.0,4400.0,3600.0,3600.0,4400.0,4400.0,,,,,,,,,,
cloud computing security,0.35,MEDIUM,$35.72,1900.0,$8.03,$32.84,"10019, 10168, 12156",2900,1300,2400,1900,2400,2400,1900,2400,1900,1900,1900,1600,1900,880,1300,1000,1000,1000,1300,1300,1000,1300,1600,1600,1600,1600,1900,1600,1600,1600,1600,1300,1300,1000,1600,1600,1600,1000.0,880.0,720.0,880.0,880.0,1000.0,1000.0,880.0,880.0,1000.0,1000.0,1300.0,880.0,720.0,590.0,720.0,5400.0,6600.0,4400.0,5400.0,5400.0,5400.0,14800.0,22200.0,14800.0,590.0,720.0,590.0,590.0,880.0,880.0,880.0,720.0,590.0,720.0,,,,,,,,,,
cloud security,0.3,LOW,$87.42,5400.0,$16.24,$79.34,"10019, 10168, 10885, 12204, 13092",6600,4400,5400,5400,5400,5400,5400,8100,6600,6600,5400,5400,6600,5400,5400,5400,4400,5400,6600,6600,6600,6600,5400,6600,8100,6600,8100,6600,6600,6600,6600,6600,6600,5400,5400,6600,6600,5400.0,5400.0,4400.0,4400.0,5400.0,5400.0,5400.0,5400.0,5400.0,5400.0,5400.0,5400.0,5400.0,4400.0,4400.0,4400.0,5400.0,6600.0,4400.0,5400.0,5400.0,5400.0,14800.0,22200.0,14800.0,2900.0,6600.0,4400.0,4400.0,5400.0,4400.0,4400.0,3600.0,3600.0,3600.0,,,,,,,,,,
cryptography,0.02,LOW,$3.37,33100.0,$1.56,$8.46,"10007, 13088, 13418",33100,27100,27100,22200,33100,27100,33100,40500,33100,33100,27100,27100,27100,27100,27100,22200,60500,27100,27100,27100,27100,27100,27100,33100,27100,27100,22200,22200,22200,27100,33100,33100,33100,33100,33100,33100,33100,27100.0,27100.0,22200.0,27100.0,33100.0,33100.0,33100.0,33100.0,33100.0,33100.0,33100.0,27100.0,27100.0,27100.0,22200.0,22200.0,27100.0,33100.0,27100.0,27100.0,27100.0,33100.0,33100.0,33100.0,27100.0,27100.0,22200.0,22200.0,27100.0,27100.0,27100.0,,,,,,,,,,,,,,
cyber attack,,,$0.00,,$0.00,$0.00,14306,0,0,0,0,0,0,0,0,0,0,0,0,0,0,0,0,0,0,0,0,0,0,0,0,0,0,0,0,0,0,0,0,0,0,0,0,0,,,,,,,,,,,,,,,,,,,,,,,,,,,,,,,,,,,,,,,,,,,,,
cyber attacks,,,$0.00,,$0.00,$0.00,14306,0,0,0,0,0,0,0,0,0,0,0,0,0,0,0,0,0,0,0,0,0,0,0,0,0,0,0,0,0,0,0,0,0,0,0,0,0,0.0,0.0,0.0,0.0,0.0,,,,,,,,,,,,,,,,,,,,,,,,,,,,,,,,,,,,,,,,
cyber defense,0.18,LOW,$15.14,1000.0,$5.74,$19.26,"10004, 10018, 10159, 10299, 11321",1300,880,1300,1000,1600,1300,1300,1000,1000,1000,880,1000,1000,1000,1000,880,1000,1000,1000,1000,880,1000,880,880,1000,1000,1300,1000,1000,1000,1300,1300,1300,1000,880,1000,1000,880.0,1000.0,880.0,1000.0,1000.0,880.0,880.0,880.0,880.0,880.0,880.0,1000.0,880.0,880.0,880.0,880.0,880.0,880.0,880.0,880.0,1000.0,880.0,880.0,1000.0,880.0,1000.0,1000.0,880.0,880.0,880.0,880.0,880.0,880.0,720.0,1000.0,,,,,,,,,,
cyber hygiene,0.05,LOW,$22.56,1000.0,$3.65,$17.06,10011,1300,1000,880,1000,1000,1000,1000,1000,1000,880,720,880,1000,1000,880,720,720,880,880,1000,880,880,720,720,1000,880,880,880,880,720,1000,1300,1000,880,720,880,1000,880.0,880.0,1300.0,880.0,880.0,880.0,880.0,720.0,720.0,720.0,720.0,880.0,720.0,720.0,720.0,720.0,720.0,1000.0,1000.0,720.0,880.0,480.0,480.0,880.0,590.0,480.0,390.0,480.0,590.0,480.0,480.0,,,,,,,,,,,,,,
cyber incident,0.12,LOW,$14.82,590.0,$4.94,$22.57,"10007, 13088, 13418",480,390,480,1000,720,480,480,590,590,720,480,590,480,480,390,480,390,480,480,480,480,480,320,320,390,390,390,260,320,390,390,390,320,320,390,320,320,260.0,260.0,260.0,260.0,390.0,260.0,260.0,210.0,210.0,320.0,320.0,260.0,320.0,170.0,170.0,170.0,260.0,260.0,260.0,210.0,260.0,320.0,320.0,390.0,320.0,390.0,210.0,110.0,170.0,210.0,170.0,170.0,170.0,210.0,140.0,,,,,,,,,,
cyber incident response,0.32,LOW,$22.21,480.0,$9.60,$31.35,"10007, 13088, 13418",480,390,320,480,480,480,590,480,480,480,390,480,480,320,480,320,390,390,480,590,390,480,390,480,590,590,720,480,480,480,590,590,480,480,480,480,590,390.0,390.0,390.0,480.0,390.0,390.0,390.0,390.0,320.0,390.0,320.0,390.0,260.0,320.0,320.0,320.0,260.0,320.0,320.0,390.0,390.0,320.0,320.0,320.0,320.0,320.0,260.0,210.0,260.0,260.0,320.0,260.0,170.0,140.0,170.0,,,,,,,,,,
cyber insurance,0.4,MEDIUM,$36.29,5400.0,$5.01,$31.49,"10012, 10102, 10550, 11854",5400,4400,6600,12100,4400,5400,5400,5400,5400,5400,3600,4400,4400,3600,5400,4400,5400,5400,5400,6600,5400,5400,4400,5400,5400,5400,6600,5400,5400,5400,5400,5400,5400,4400,4400,4400,4400,3600.0,3600.0,4400.0,4400.0,3600.0,3600.0,3600.0,2900.0,2900.0,2900.0,3600.0,2900.0,2900.0,2400.0,2400.0,2900.0,2900.0,2900.0,2900.0,2900.0,3600.0,2900.0,2900.0,3600.0,2900.0,2900.0,2900.0,2900.0,2900.0,2900.0,2900.0,2900.0,3600.0,2400.0,2400.0,2900.0,,,,,,,,,
cyber law,0.2,LOW,$14.98,1600.0,$3.54,$11.08,"10016, 10141, 10763, 12058, 13513",1600,1600,1600,1300,1300,1600,1600,1600,1600,1600,1300,1600,1600,1600,1900,1000,1000,1300,1600,1300,1600,1600,1300,1300,1600,1600,1600,1000,1300,1600,1600,1600,1600,1600,1300,1600,1600,1600.0,1600.0,1000.0,1300.0,1300.0,1600.0,1600.0,2400.0,1600.0,1300.0,1600.0,1600.0,1900.0,1600.0,1300.0,1300.0,1300.0,1300.0,1300.0,1900.0,1600.0,1300.0,1300.0,1600.0,1900.0,1300.0,1000.0,1000.0,1000.0,1300.0,1300.0,1600.0,1600.0,1300.0,1000.0,1600.0,,,,,,,,,
cyber resilience,0.24,LOW,$23.52,1600.0,$9.46,$24.68,"10019, 10168, 10885, 12204, 13092",1600,1300,1300,1300,1900,1900,1900,1600,1600,1600,1000,1300,1600,1300,1900,1600,1600,1900,1300,1300,1300,1300,1000,1300,1300,1300,1000,880,1000,1000,1000,1000,1000,880,720,880,880,880.0,880.0,880.0,880.0,880.0,880.0,880.0,720.0,720.0,720.0,880.0,880.0,880.0,720.0,720.0,720.0,880.0,880.0,720.0,720.0,720.0,590.0,590.0,880.0,590.0,590.0,480.0,480.0,480.0,590.0,590.0,590.0,590.0,390.0,590.0,,,,,,,,,,
cyber risk,0.17,LOW,$14.63,880.0,$5.38,$16.99,"10012, 10102, 12394",880,720,880,880,720,880,1000,1000,1000,880,720,880,1000,880,720,880,880,1000,1000,1300,880,880,880,1000,1300,1000,1000,880,1000,1000,1300,1300,1000,1000,1000,1000,1300,880.0,880.0,720.0,880.0,880.0,1000.0,880.0,880.0,880.0,720.0,720.0,1000.0,880.0,720.0,720.0,720.0,880.0,880.0,720.0,880.0,1000.0,720.0,880.0,1000.0,880.0,880.0,720.0,720.0,720.0,1000.0,720.0,720.0,720.0,590.0,720.0,,,,,,,,,,
cyber risk management,0.26,LOW,$21.12,720.0,$7.80,$25.26,"10012, 10102, 12394",880,590,590,590,1000,880,590,720,720,720,480,590,590,590,320,320,170,260,480,390,480,480,590,720,720,720,880,720,720,880,880,880,720,720,480,590,880,480.0,390.0,480.0,480.0,390.0,480.0,480.0,480.0,480.0,480.0,480.0,590.0,480.0,480.0,480.0,590.0,480.0,480.0,480.0,590.0,590.0,480.0,480.0,480.0,480.0,390.0,390.0,390.0,480.0,480.0,480.0,480.0,480.0,320.0,390.0,,,,,,,,,,
cyber threat,0.19,LOW,$20.89,2400.0,$4.08,$29.74,"10019, 10168, 10885, 12204, 13092",2900,2400,2400,2900,2400,2400,2900,2900,3600,2400,1900,2400,2400,2400,1900,1600,1900,1900,2400,2400,1900,1900,1600,1900,2400,2400,2400,1900,2400,2400,2900,4400,4400,1900,2900,1900,2400,1900.0,1600.0,1600.0,2400.0,1900.0,1900.0,1900.0,1900.0,1900.0,2400.0,2400.0,2900.0,1900.0,1600.0,1900.0,1900.0,1900.0,2400.0,1900.0,2400.0,2900.0,2400.0,2400.0,2900.0,2400.0,1900.0,1900.0,1600.0,1600.0,1900.0,1900.0,1900.0,1600.0,1600.0,1600.0,,,,,,,,,,
cyber threat intelligence,0.31,LOW,$37.27,2400.0,$9.61,$33.20,14306,2400,1900,2400,2400,1900,2900,2400,2400,1900,2400,1900,1900,1900,1900,1600,1600,1600,1900,1900,1900,1600,1900,1600,1600,1900,1900,2400,1600,1900,1900,2400,2400,1600,1600,1300,1300,1300,1300.0,1300.0,1300.0,1300.0,1300.0,1300.0,1300.0,1300.0,1000.0,1000.0,1000.0,1300.0,1000.0,1000.0,1300.0,1000.0,1000.0,1000.0,1000.0,1000.0,1000.0,880.0,880.0,880.0,880.0,880.0,880.0,880.0,720.0,880.0,720.0,,,,,,,,,,,,,,
cyber threats,0.19,LOW,$20.89,2400.0,$4.08,$29.74,"10012, 10019, 10102, 10168, 10885, 12204, 12394, 13092",2900,2400,2400,2900,2400,2400,2900,2900,3600,2400,1900,2400,2400,2400,1900,1600,1900,1900,2400,2400,1900,1900,1600,1900,2400,2400,2400,1900,2400,2400,2900,4400,4400,1900,2900,1900,2400,1900.0,1600.0,1600.0,2400.0,1900.0,1900.0,1900.0,1900.0,1900.0,2400.0,2400.0,2900.0,1900.0,1600.0,1900.0,1900.0,1900.0,2400.0,1900.0,2400.0,2900.0,2400.0,2400.0,2900.0,2400.0,1900.0,1900.0,1600.0,1600.0,1900.0,1900.0,1900.0,1600.0,1600.0,1600.0,1900.0,,,,,,,,,
cyber warfare,0.07,LOW,$7.45,4400.0,$2.93,$14.45,"10019, 10167",4400,3600,2900,4400,2900,4400,5400,5400,5400,4400,5400,4400,4400,4400,3600,3600,3600,5400,5400,5400,4400,4400,4400,5400,5400,4400,3600,3600,4400,5400,8100,22200,22200,4400,4400,5400,5400,4400.0,4400.0,4400.0,5400.0,5400.0,5400.0,5400.0,5400.0,6600.0,8100.0,6600.0,6600.0,4400.0,3600.0,5400.0,5400.0,5400.0,6600.0,5400.0,5400.0,12100.0,5400.0,6600.0,8100.0,5400.0,3600.0,3600.0,3600.0,4400.0,5400.0,4400.0,4400.0,3600.0,3600.0,4400.0,,,,,,,,,,
cybercrime,0.09,LOW,$8.21,9900.0,$2.28,$8.76,"10018, 10163, 10861, 12125, 13736",12100,9900,8100,8100,12100,9900,12100,9900,9900,9900,9900,9900,9900,9900,9900,8100,8100,9900,9900,9900,9900,9900,9900,9900,9900,9900,8100,8100,8100,9900,12100,9900,9900,8100,9900,9900,12100,9900.0,8100.0,6600.0,8100.0,9900.0,9900.0,9900.0,9900.0,8100.0,9900.0,12100.0,12100.0,12100.0,8100.0,8100.0,8100.0,9900.0,14800.0,9900.0,12100.0,12100.0,12100.0,14800.0,14800.0,14800.0,8100.0,8100.0,6600.0,9900.0,12100.0,12100.0,9900.0,8100.0,9900.0,12100.0,,,,,,,,,,
cybercrime prevention,0.17,LOW,$12.98,70.0,$3.80,$11.03,"10018, 10163, 10861, 12125, 13736",110,110,70,50,40,70,90,70,70,70,90,70,110,50,50,40,50,70,90,70,70,70,90,70,90,90,70,90,50,90,90,90,110,90,90,70,90,70.0,40.0,50.0,50.0,70.0,90.0,70.0,70.0,90.0,110.0,140.0,110.0,90.0,70.0,110.0,70.0,70.0,90.0,110.0,110.0,90.0,90.0,90.0,90.0,70.0,140.0,210.0,170.0,210.0,320.0,320.0,260.0,170.0,210.0,320.0,,,,,,,,,,
cybersecurity,0.42,MEDIUM,$24.93,165000.0,$7.56,$25.73,"10019, 10168, 10885, 12204, 13092",201000,165000,201000,165000,165000,165000,165000,165000,165000,201000,165000,165000,201000,201000,246000,201000,165000,165000,165000,165000,165000,165000,135000,165000,165000,165000,201000,165000,165000,165000,165000,165000,135000,135000,110000,110000,135000,135000.0,135000.0,110000.0,110000.0,110000.0,110000.0,110000.0,110000.0,135000.0,110000.0,110000.0,110000.0,110000.0,110000.0,90500.0,90500.0,90500.0,110000.0,90500.0,110000.0,110000.0,90500.0,90500.0,110000.0,110000.0,90500.0,90500.0,74000.0,90500.0,90500.0,90500.0,74000.0,90500.0,60500.0,74000.0,,,,,,,,,,
cybersecurity acquisitions,0.06,LOW,$0.00,140.0,$4.08,$15.00,"10012, 10096, 13720",110,170,110,210,170,140,140,140,110,140,70,140,170,210,210,110,90,140,70,70,90,90,70,140,90,110,90,50,90,50,110,70,70,70,70,90,110,40.0,40.0,70.0,70.0,70.0,90.0,40.0,50.0,50.0,40.0,40.0,50.0,40.0,40.0,40.0,70.0,30.0,50.0,50.0,70.0,40.0,70.0,50.0,70.0,50.0,70.0,90.0,70.0,50.0,90.0,50.0,70.0,30.0,30.0,50.0,,,,,,,,,,
cybersecurity advancements,0.45,MEDIUM,$16.77,50.0,$3.50,$9.10,"10019, 10168, 10885, 12204, 13092",50,70,30,50,40,70,70,70,50,70,40,50,50,50,40,40,40,40,70,50,70,40,40,50,70,50,50,30,50,40,70,70,50,50,50,50,70,50.0,40.0,30.0,30.0,50.0,50.0,70.0,70.0,40.0,40.0,70.0,70.0,90.0,40.0,50.0,40.0,30.0,20.0,10.0,10.0,10.0,10.0,10.0,0.0,0.0,0.0,0.0,0.0,0.0,0.0,0.0,0.0,0.0,0.0,0.0,0.0,0.0,0.0,0.0,0.0,0.0,0.0,,,
cybersecurity alliances,,,$0.00,,$0.00,$0.00,"10007, 10019, 10168, 10885, 12204, 13088, 13092, 13418",0,0,0,0,0,0,0,0,0,0,0,0,0,0,0,0,0,0,0,0,0,0,0,0,0,0,0,0,0,0,0,0,0,0,0,0,0,0.0,0.0,0.0,0.0,0.0,0.0,0.0,0.0,0.0,0.0,0.0,0.0,0.0,0.0,0.0,0.0,0.0,0.0,0.0,0.0,0.0,0.0,0.0,0.0,0.0,0.0,0.0,0.0,0.0,0.0,0.0,0.0,,,,,,,,,,,,,
cybersecurity analysis,0.34,MEDIUM,$35.91,210.0,$7.56,$20.00,"10007, 10019, 10168, 10885, 12204, 13088, 13092, 13418",260,210,210,170,210,210,210,170,170,210,170,170,170,170,170,170,140,260,170,170,170,210,170,210,320,260,260,260,170,210,210,210,140,170,170,110,140,140.0,140.0,110.0,110.0,110.0,110.0,140.0,140.0,170.0,140.0,170.0,210.0,140.0,140.0,110.0,140.0,110.0,140.0,110.0,110.0,110.0,110.0,110.0,90.0,110.0,110.0,110.0,70.0,90.0,110.0,70.0,70.0,90.0,70.0,70.0,,,,,,,,,,
cybersecurity analysts,0.38,MEDIUM,$19.46,12100.0,$5.59,$19.20,"10007, 13088, 13418",14800,12100,12100,12100,12100,14800,12100,12100,14800,14800,9900,12100,12100,12100,12100,12100,12100,14800,9900,9900,9900,9900,8100,8100,12100,9900,9900,8100,8100,12100,8100,8100,8100,8100,6600,6600,6600,6600.0,6600.0,5400.0,5400.0,5400.0,5400.0,5400.0,5400.0,6600.0,5400.0,5400.0,5400.0,6600.0,6600.0,6600.0,6600.0,6600.0,5400.0,4400.0,5400.0,6600.0,4400.0,4400.0,5400.0,,,,,,,,,,,,,,,,,,,,,
cybersecurity analytics,0.26,LOW,$23.79,320.0,$5.49,$17.54,"10019, 10168, 10885, 11497, 12204",260,260,320,320,480,320,320,320,260,320,260,260,320,320,390,260,320,590,590,720,480,480,390,480,390,390,480,590,480,590,480,480,390,590,390,320,320,320.0,320.0,260.0,320.0,320.0,320.0,390.0,390.0,590.0,480.0,390.0,480.0,390.0,390.0,390.0,480.0,390.0,320.0,260.0,260.0,260.0,210.0,170.0,210.0,170.0,4400.0,4400.0,3600.0,4400.0,3600.0,4400.0,3600.0,4400.0,3600.0,3600.0,,,,,,,,,,
cybersecurity applications,0.36,MEDIUM,$45.23,140.0,$7.69,$25.19,"10007, 13088, 13418",140,170,170,110,110,140,170,210,140,170,110,110,170,170,140,140,140,170,170,170,140,210,170,260,210,210,210,170,170,140,110,140,90,140,170,260,260,140.0,90.0,70.0,90.0,70.0,90.0,90.0,70.0,70.0,50.0,70.0,90.0,90.0,50.0,50.0,90.0,90.0,90.0,110.0,110.0,140.0,110.0,90.0,110.0,110.0,90.0,90.0,70.0,70.0,110.0,70.0,110.0,90.0,70.0,50.0,,,,,,,,,,
cybersecurity architecture,0.18,LOW,$12.15,1300.0,$5.23,$15.89,"10004, 10273, 11130, 12416",1300,1000,1300,1300,1300,1300,1300,1000,1300,1300,1000,1000,1600,1000,1300,1000,1000,1000,1300,1300,1000,1300,1000,1000,1000,1000,1000,880,880,880,880,880,720,880,720,720,880,720.0,880.0,720.0,720.0,720.0,720.0,590.0,720.0,880.0,590.0,590.0,720.0,720.0,720.0,590.0,480.0,480.0,480.0,480.0,590.0,590.0,480.0,480.0,590.0,480.0,480.0,480.0,390.0,390.0,390.0,390.0,,,,,,,,,,,,,,
cybersecurity architecture assessment,,,$0.00,,$0.00,$0.00,"10007, 13088, 13418",0,0,0,0,0,0,0,0,0,0,0,0,0,0,0,0,0,0,0,0,0,0,0,0,0,0,0,0,0,0,0,0,0,0,0,0,0,0.0,0.0,0.0,0.0,0.0,0.0,0.0,0.0,0.0,0.0,0.0,0.0,0.0,0.0,0.0,0.0,0.0,0.0,0.0,0.0,0.0,0.0,0.0,0.0,0.0,0.0,0.0,0.0,0.0,0.0,0.0,0.0,,,,,,,,,,,,,
cybersecurity articles,0.5,MEDIUM,$6.83,1000.0,$2.57,$5.40,"10007, 13088, 13418",1300,1300,720,590,590,880,1300,1000,1300,1300,880,1000,1300,1300,720,590,590,720,880,1000,1000,880,590,880,1300,1300,720,480,590,720,1000,1000,1000,720,590,1000,1000,1300.0,590.0,590.0,480.0,590.0,880.0,880.0,880.0,720.0,590.0,1000.0,1300.0,1000.0,590.0,480.0,480.0,590.0,880.0,880.0,1300.0,1000.0,720.0,1000.0,1300.0,1300.0,720.0,480.0,480.0,590.0,1000.0,880.0,1000.0,720.0,480.0,1000.0,,,,,,,,,,
cybersecurity assessment,0.25,LOW,$38.22,590.0,$12.00,$40.17,"10007, 13088, 13418",880,480,720,480,480,590,590,590,590,590,390,480,480,590,390,390,480,480,590,590,480,720,720,590,720,880,880,720,720,880,1000,880,720,720,480,590,720,480.0,590.0,590.0,720.0,590.0,480.0,590.0,590.0,590.0,590.0,590.0,720.0,590.0,590.0,590.0,590.0,390.0,880.0,390.0,390.0,320.0,390.0,320.0,390.0,320.0,320.0,320.0,260.0,320.0,390.0,320.0,,,,,,,,,,,,,,
cybersecurity assessment services,0.13,LOW,$41.62,170.0,$17.32,$64.06,"10012, 10102, 12394",140,170,390,110,110,90,170,140,170,170,110,140,170,90,70,110,170,110,110,170,140,110,110,140,90,110,210,90,110,140,140,140,90,140,210,260,260,210.0,140.0,260.0,320.0,320.0,320.0,210.0,210.0,210.0,210.0,210.0,210.0,260.0,170.0,140.0,170.0,320.0,110.0,90.0,110.0,90.0,70.0,90.0,50.0,50.0,90.0,70.0,40.0,50.0,70.0,50.0,50.0,50.0,30.0,10.0,,,,,,,,,,
cybersecurity assessment tools,0.59,MEDIUM,$27.40,70.0,$11.65,$38.00,"10019, 10168, 10885, 12204, 13092",90,70,70,70,70,70,110,90,90,90,70,70,70,70,50,50,50,110,110,110,90,110,110,110,110,90,90,70,110,90,90,90,70,70,90,50,50,50.0,70.0,70.0,70.0,50.0,70.0,70.0,50.0,50.0,40.0,50.0,40.0,40.0,40.0,50.0,40.0,30.0,50.0,40.0,70.0,50.0,40.0,70.0,50.0,20.0,210.0,210.0,170.0,210.0,260.0,210.0,210.0,210.0,110.0,170.0,210.0,210.0,260.0,210.0,210.0,260.0,210.0,,,
cybersecurity assessments,0.25,LOW,$38.22,590.0,$12.00,$40.17,"10007, 13088, 13418",880,480,720,480,480,590,590,590,590,590,390,480,480,590,390,390,480,480,590,590,480,720,720,590,720,880,880,720,720,880,1000,880,720,720,480,590,720,480.0,590.0,590.0,720.0,590.0,480.0,590.0,590.0,590.0,590.0,590.0,720.0,590.0,590.0,590.0,590.0,390.0,880.0,390.0,390.0,320.0,390.0,320.0,390.0,320.0,320.0,320.0,260.0,320.0,390.0,320.0,320.0,320.0,210.0,210.0,,,,,,,,,,
cybersecurity attacks,0.15,LOW,$20.80,1900.0,$3.98,$30.48,"10019, 10168, 10885, 12204, 13092",1000,1000,1300,6600,1000,1300,1300,1600,2900,1300,1600,1300,1300,1600,880,720,1300,880,1300,1000,1000,1000,880,1000,1300,1000,1000,720,880,880,1000,1600,1600,880,880,880,1000,1000.0,880.0,1000.0,1000.0,1600.0,880.0,880.0,720.0,720.0,1900.0,880.0,1000.0,880.0,390.0,390.0,590.0,390.0,590.0,390.0,590.0,720.0,480.0,590.0,720.0,720.0,480.0,390.0,390.0,480.0,590.0,590.0,480.0,390.0,320.0,390.0,,,,,,,,,,
cybersecurity audit,0.28,LOW,$35.82,1000.0,$7.12,$28.22,"10012, 10102, 12394",1300,1000,1300,1000,1000,1300,1300,1300,1000,1000,1000,1000,1000,1000,1000,1000,1000,1300,1300,1300,1300,1300,1300,1300,1600,1300,1300,1000,880,1000,1000,1000,1000,880,720,880,880,880.0,720.0,880.0,880.0,720.0,880.0,720.0,720.0,590.0,590.0,590.0,720.0,590.0,590.0,480.0,480.0,480.0,480.0,590.0,720.0,720.0,480.0,590.0,590.0,480.0,590.0,480.0,480.0,480.0,480.0,480.0,480.0,390.0,390.0,390.0,,,,,,,,,,
cybersecurity audit services,0.16,LOW,$30.35,70.0,$16.61,$46.85,"10007, 10012, 10019, 10168, 10885, 11093, 12204, 12389, 13088, 13092, 13418",210,90,70,50,70,70,90,110,70,40,50,40,70,30,20,10,20,20,20,40,30,40,50,40,30,50,70,40,50,50,50,140,140,10,10,10,10,10.0,20.0,10.0,20.0,20.0,10.0,10.0,10.0,10.0,10.0,10.0,10.0,10.0,10.0,10.0,10.0,10.0,10.0,10.0,10.0,10.0,10.0,10.0,10.0,10.0,10.0,0.0,0.0,0.0,0.0,0.0,0.0,0.0,0.0,0.0,,,,,,,,,,
cybersecurity audits,0.28,LOW,$35.82,1000.0,$7.12,$28.22,"10012, 11093, 12389",1300,1000,1300,1000,1000,1300,1300,1300,1000,1000,1000,1000,1000,1000,1000,1000,1000,1300,1300,1300,1300,1300,1300,1300,1600,1300,1300,1000,880,1000,1000,1000,1000,880,720,880,880,880.0,720.0,880.0,880.0,720.0,880.0,720.0,720.0,590.0,590.0,590.0,720.0,590.0,590.0,480.0,480.0,480.0,480.0,590.0,720.0,720.0,480.0,590.0,590.0,480.0,590.0,,,,,,,,,,,,,,,,,,,
cybersecurity awareness,0.31,LOW,$13.30,1300.0,$3.42,$12.97,"10007, 10019, 10168, 10885, 12204, 13088, 13092, 13418",2900,1900,1600,1000,1000,1000,1300,1300,1000,1000,1000,1000,2400,1600,1000,880,880,1000,1000,880,880,880,880,1000,2400,1600,1300,1000,1000,1000,1000,1300,1000,880,880,880,1900,1000.0,720.0,590.0,720.0,720.0,720.0,590.0,590.0,590.0,590.0,720.0,1600.0,880.0,590.0,480.0,590.0,590.0,590.0,590.0,720.0,720.0,590.0,720.0,1600.0,1000.0,590.0,720.0,480.0,480.0,590.0,480.0,480.0,480.0,320.0,480.0,,,,,,,,,,
cybersecurity awareness programs,0.45,MEDIUM,$33.81,70.0,$9.52,$37.04,"10007, 13088, 13418",70,70,50,70,70,70,70,70,70,70,70,50,110,90,70,50,50,70,50,70,40,50,50,70,90,90,90,70,90,70,90,70,70,50,50,50,50,40.0,50.0,50.0,40.0,50.0,50.0,50.0,50.0,50.0,40.0,70.0,70.0,70.0,90.0,70.0,110.0,90.0,50.0,50.0,50.0,50.0,30.0,40.0,50.0,50.0,30.0,20.0,30.0,30.0,40.0,30.0,20.0,20.0,10.0,20.0,,,,,,,,,,
cybersecurity awareness training,0.25,LOW,$49.09,1900.0,$8.56,$46.21,"10016, 10141, 10758",12100,4400,880,880,880,1000,1000,1000,880,880,720,880,1000,720,590,590,590,720,720,720,720,880,720,880,1000,1000,1300,880,1000,1000,1000,1000,880,880,720,720,880,880.0,880.0,720.0,880.0,880.0,880.0,880.0,720.0,590.0,590.0,720.0,880.0,720.0,720.0,590.0,720.0,720.0,2400.0,1900.0,1900.0,2400.0,1900.0,2400.0,3600.0,2900.0,2900.0,2400.0,2400.0,2900.0,2900.0,2900.0,2900.0,2900.0,2400.0,2900.0,,,,,,,,,,
cybersecurity awareness training programs,0.4,MEDIUM,$34.51,50.0,$10.33,$67.45,"10016, 10141, 10758",50,90,50,40,30,50,30,30,30,90,30,30,30,50,40,10,20,20,30,20,10,30,10,20,20,50,20,20,20,20,30,30,40,20,10,10,30,20.0,10.0,20.0,30.0,20.0,20.0,20.0,10.0,10.0,20.0,20.0,20.0,10.0,20.0,10.0,30.0,10.0,10.0,10.0,10.0,10.0,10.0,10.0,10.0,10.0,10.0,10.0,10.0,10.0,10.0,10.0,10.0,10.0,10.0,10.0,10.0,10.0,10.0,10.0,0.0,10.0,10.0,,,
cybersecurity best practices,0.35,MEDIUM,$12.66,1300.0,$3.26,$14.60,"10019, 10168, 10885, 12204, 13092",1900,1600,1300,1000,1300,1300,1300,1000,880,880,720,880,1000,880,880,720,720,720,880,720,590,590,590,720,720,720,720,590,590,590,720,880,720,590,720,880,1000,590.0,590.0,480.0,720.0,590.0,480.0,590.0,480.0,390.0,390.0,480.0,590.0,390.0,390.0,320.0,390.0,390.0,480.0,480.0,590.0,590.0,480.0,480.0,590.0,480.0,390.0,390.0,390.0,390.0,480.0,390.0,390.0,390.0,320.0,320.0,,,,,,,,,,
cybersecurity blogs,0.27,LOW,$4.78,880.0,$1.41,$5.61,"10007, 11494, 13418",1600,1000,1000,880,880,720,880,720,880,880,720,720,880,880,880,720,880,880,1000,1000,880,1300,1000,880,880,880,880,880,880,880,880,1000,880,880,880,720,880,880.0,720.0,880.0,880.0,880.0,880.0,880.0,720.0,880.0,1000.0,720.0,1000.0,880.0,720.0,880.0,720.0,880.0,720.0,720.0,880.0,1000.0,720.0,720.0,880.0,720.0,170.0,170.0,170.0,170.0,170.0,170.0,170.0,210.0,140.0,170.0,,,,,,,,,,
cybersecurity breach,0.21,LOW,$12.96,2400.0,$2.46,$32.49,"10007, 10019, 10168, 10885, 12204, 13088, 13092, 13418",2400,1900,2900,4400,2900,1600,1900,2400,2900,2400,1900,2400,2900,2400,2400,1900,2400,1900,2900,1900,1900,1600,1300,2900,4400,3600,2900,2400,1900,1600,1600,1600,1300,1300,1600,1300,1600,1600.0,1300.0,1300.0,1300.0,1600.0,1300.0,1600.0,1300.0,1600.0,5400.0,1000.0,1300.0,1300.0,880.0,880.0,880.0,880.0,720.0,590.0,720.0,720.0,720.0,880.0,880.0,720.0,720.0,720.0,590.0,590.0,720.0,590.0,590.0,720.0,720.0,720.0,880.0,590.0,480.0,590.0,480.0,590.0,880.0,720.0,,
cybersecurity breach prevention,,,$0.00,,$0.00,$0.00,"10007, 13088, 13418",0,0,0,0,0,0,0,0,0,0,0,0,0,0,0,0,0,0,0,0,0,0,0,0,0,0,0,0,0,0,0,0,0,0,0,0,0,0.0,0.0,0.0,0.0,0.0,0.0,0.0,0.0,0.0,0.0,0.0,0.0,0.0,0.0,0.0,0.0,0.0,0.0,0.0,0.0,0.0,0.0,0.0,0.0,0.0,0.0,0.0,0.0,0.0,0.0,0.0,0.0,,,,,,,,,,,,,
cybersecurity breach response,0.38,MEDIUM,$12.58,30.0,$10.15,$23.29,"10007, 13088, 13418",30,20,20,20,10,30,30,30,20,30,30,50,70,30,10,10,10,20,30,40,30,40,30,30,30,50,70,40,50,50,40,30,40,30,10,20,20,20.0,30.0,30.0,40.0,30.0,20.0,20.0,20.0,20.0,20.0,20.0,30.0,20.0,20.0,20.0,10.0,30.0,20.0,40.0,20.0,30.0,30.0,20.0,10.0,20.0,10.0,,,,,,,,,,,,,,,,,,,
cybersecurity breaches,0.21,LOW,$12.96,2400.0,$2.46,$32.49,"10019, 10168, 10885, 12204, 13092",2400,1900,2900,4400,2900,1600,1900,2400,2900,2400,1900,2400,2900,2400,2400,1900,2400,1900,2900,1900,1900,1600,1300,2900,4400,3600,2900,2400,1900,1600,1600,1600,1300,1300,1600,1300,1600,1600.0,1300.0,1300.0,1300.0,1600.0,1300.0,1600.0,1300.0,1600.0,5400.0,1000.0,1300.0,1300.0,880.0,880.0,880.0,880.0,720.0,590.0,720.0,720.0,720.0,880.0,880.0,720.0,720.0,720.0,590.0,590.0,720.0,590.0,590.0,720.0,720.0,720.0,880.0,,,,,,,,,
cybersecurity careers,0.34,MEDIUM,$13.23,5400.0,$2.95,$13.85,"10007, 13088, 13418",6600,5400,5400,5400,5400,5400,5400,4400,5400,5400,4400,4400,5400,5400,5400,5400,4400,5400,5400,4400,4400,5400,4400,4400,5400,5400,6600,5400,5400,6600,5400,5400,4400,5400,4400,3600,4400,4400.0,4400.0,4400.0,4400.0,5400.0,4400.0,4400.0,4400.0,5400.0,4400.0,4400.0,4400.0,4400.0,5400.0,4400.0,4400.0,4400.0,3600.0,2900.0,3600.0,4400.0,2900.0,2900.0,2900.0,2400.0,3600.0,2900.0,2400.0,2400.0,2400.0,2400.0,2400.0,2900.0,2400.0,2400.0,,,,,,,,,,
cybersecurity certification,0.34,MEDIUM,$27.94,49500.0,$7.20,$28.68,"10016, 10141, 10759, 12198",201000,74000,33100,27100,33100,33100,33100,33100,33100,40500,33100,27100,27100,33100,33100,33100,27100,27100,22200,22200,22200,27100,18100,22200,22200,22200,27100,22200,27100,22200,18100,18100,14800,14800,12100,12100,12100,12100.0,12100.0,12100.0,12100.0,12100.0,9900.0,9900.0,9900.0,14800.0,12100.0,9900.0,12100.0,12100.0,12100.0,12100.0,12100.0,3600.0,3600.0,3600.0,3600.0,4400.0,2900.0,3600.0,3600.0,3600.0,14800.0,14800.0,12100.0,12100.0,12100.0,12100.0,12100.0,12100.0,8100.0,8100.0,,,,,,,,,,
cybersecurity certification programs,0.33,LOW,$33.39,390.0,$10.03,$38.83,"10016, 10141, 10752",880,1300,390,260,260,320,320,260,260,260,260,260,210,210,320,260,170,210,210,210,260,320,210,210,140,170,260,210,260,210,170,210,210,210,170,170,170,140.0,170.0,170.0,170.0,210.0,210.0,210.0,170.0,170.0,170.0,170.0,170.0,170.0,210.0,140.0,170.0,140.0,140.0,140.0,170.0,170.0,110.0,90.0,170.0,140.0,480.0,480.0,480.0,1000.0,720.0,480.0,390.0,480.0,480.0,390.0,260.0,210.0,320.0,260.0,320.0,320.0,260.0,,,
cybersecurity certifications,0.65,MEDIUM,$27.34,14800.0,$6.84,$25.67,"10007, 10016, 10019, 10141, 10168, 10759, 10885, 12198, 12204, 13088, 13092, 13418",18100,14800,14800,14800,14800,14800,14800,14800,14800,18100,12100,14800,12100,12100,14800,14800,14800,12100,9900,9900,8100,9900,6600,8100,8100,8100,9900,8100,8100,8100,6600,6600,5400,6600,4400,4400,5400,5400.0,5400.0,4400.0,5400.0,5400.0,3600.0,4400.0,4400.0,4400.0,4400.0,3600.0,3600.0,3600.0,4400.0,3600.0,3600.0,880.0,880.0,3600.0,1000.0,1000.0,880.0,720.0,720.0,590.0,880.0,880.0,880.0,880.0,720.0,720.0,,,,,,,,,,,,,,
cybersecurity challenges,0.26,LOW,$8.33,390.0,$3.19,$10.28,"10019, 10168, 10885, 12204, 13092",390,390,320,320,320,390,390,390,390,390,320,390,390,390,320,320,260,320,390,390,320,320,320,390,480,390,320,260,260,320,320,390,320,390,260,320,390,320.0,260.0,210.0,260.0,320.0,260.0,320.0,260.0,320.0,260.0,260.0,390.0,320.0,260.0,320.0,260.0,260.0,320.0,260.0,320.0,320.0,260.0,320.0,390.0,480.0,590.0,480.0,480.0,320.0,390.0,320.0,320.0,320.0,210.0,,,,,,,,,,,
cybersecurity collaboration,0.1,LOW,$0.00,70.0,$4.28,$13.02,"10019, 10168, 10296, 10885, 11270, 12209, 12579",70,50,40,50,50,70,90,90,110,70,70,70,110,110,110,70,110,110,50,90,90,70,90,70,70,70,70,70,90,90,110,110,110,90,110,90,90,90.0,170.0,110.0,140.0,140.0,140.0,110.0,90.0,90.0,110.0,70.0,110.0,110.0,90.0,90.0,90.0,110.0,110.0,110.0,210.0,110.0,110.0,90.0,110.0,110.0,110.0,90.0,70.0,110.0,90.0,70.0,70.0,90.0,50.0,90.0,,,,,,,,,,
cybersecurity communities,0.36,MEDIUM,$4.76,260.0,$1.48,$4.27,"10007, 10019, 10168, 10885, 12204, 13088, 13092, 13418",720,590,590,320,260,90,110,110,110,110,90,90,90,140,110,70,90,110,70,90,70,70,70,70,90,70,70,50,70,90,70,70,70,70,70,50,50,50.0,70.0,50.0,50.0,50.0,50.0,70.0,50.0,50.0,70.0,40.0,50.0,90.0,40.0,40.0,50.0,40.0,40.0,40.0,40.0,40.0,30.0,30.0,40.0,30.0,30.0,30.0,40.0,30.0,40.0,40.0,30.0,40.0,30.0,30.0,,,,,,,,,,
cybersecurity community,0.36,MEDIUM,$4.76,260.0,$1.48,$4.27,"10007, 13088, 13418",720,590,590,320,260,90,110,110,110,110,90,90,90,140,110,70,90,110,70,90,70,70,70,70,90,70,70,50,70,90,70,70,70,70,70,50,50,50.0,70.0,50.0,50.0,50.0,50.0,70.0,50.0,50.0,70.0,40.0,50.0,90.0,40.0,40.0,50.0,40.0,40.0,40.0,40.0,40.0,30.0,30.0,40.0,30.0,30.0,30.0,40.0,30.0,40.0,40.0,30.0,40.0,30.0,30.0,40.0,20.0,40.0,20.0,20.0,30.0,40.0,,,
cybersecurity companies,0.39,MEDIUM,$22.11,14800.0,$5.64,$25.00,"10019, 10168, 10885, 12204, 13092",14800,12100,14800,18100,18100,18100,12100,12100,14800,12100,9900,9900,9900,9900,9900,9900,9900,9900,12100,12100,12100,14800,9900,9900,8100,9900,9900,8100,9900,8100,9900,12100,9900,8100,6600,6600,8100,8100.0,8100.0,9900.0,9900.0,9900.0,8100.0,8100.0,8100.0,9900.0,9900.0,6600.0,6600.0,6600.0,6600.0,6600.0,8100.0,8100.0,6600.0,6600.0,6600.0,8100.0,4400.0,5400.0,6600.0,6600.0,3600.0,3600.0,2900.0,2900.0,3600.0,2900.0,2900.0,2900.0,2400.0,2400.0,,,,,,,,,,
cybersecurity compliance,0.19,LOW,$16.41,1000.0,$4.95,$24.20,"10007, 13088, 13418",1600,1000,880,880,880,1000,1300,1000,1000,1000,720,720,880,880,720,720,720,1000,1000,1000,720,880,720,880,880,880,1000,720,880,720,880,720,720,590,480,480,590,480.0,590.0,480.0,480.0,390.0,480.0,480.0,480.0,320.0,320.0,320.0,480.0,320.0,390.0,390.0,390.0,480.0,390.0,390.0,390.0,390.0,320.0,320.0,320.0,260.0,260.0,260.0,260.0,260.0,320.0,210.0,260.0,260.0,210.0,210.0,,,,,,,,,,
cybersecurity compliance and regulations,0.33,MEDIUM,$0.00,10.0,$0.00,$0.00,"10007, 13088, 13418",10,10,0,10,0,10,10,10,10,10,10,10,10,10,10,10,10,0,10,10,0,0,0,0,0,0,0,0,0,0,0,10,0,0,10,10,0,0.0,10.0,0.0,0.0,0.0,0.0,0.0,0.0,0.0,0.0,0.0,0.0,0.0,0.0,0.0,0.0,0.0,0.0,0.0,0.0,0.0,,,,,,,,,,,,,,,,,,,,,,,,
cybersecurity compliance assessment,0.07,LOW,$57.80,10.0,$0.00,$0.00,"10012, 10102, 12394",30,10,10,10,10,20,10,10,10,10,10,10,10,10,10,10,0,0,0,10,0,10,10,10,0,10,10,10,10,0,10,10,0,10,10,10,10,10.0,10.0,0.0,0.0,10.0,10.0,0.0,10.0,0.0,0.0,0.0,0.0,0.0,0.0,0.0,0.0,0.0,0.0,0.0,0.0,0.0,0.0,0.0,,,,,,,,,,,,,,,,,,,,,,
cybersecurity compliance audits,,,$0.00,,$0.00,$0.00,"10012, 11093, 12389",0,0,0,0,0,0,0,0,0,0,0,0,0,0,0,0,0,0,0,0,0,0,0,0,0,0,0,0,0,0,0,0,0,0,0,0,0,0.0,0.0,0.0,0.0,0.0,0.0,0.0,0.0,0.0,0.0,0.0,0.0,0.0,0.0,0.0,0.0,0.0,0.0,,,,,,,,,,,,,,,,,,,,,,,,,,,
cybersecurity compliance management,0.43,MEDIUM,$0.00,10.0,$10.37,$26.75,"10012, 11093, 12389",50,10,10,10,10,20,20,10,10,10,10,10,10,10,10,10,10,10,10,10,10,10,10,10,10,10,20,10,10,10,10,10,10,10,10,10,10,10.0,10.0,10.0,10.0,10.0,10.0,10.0,10.0,10.0,10.0,10.0,10.0,10.0,10.0,10.0,0.0,10.0,10.0,10.0,10.0,10.0,10.0,10.0,10.0,10.0,0.0,0.0,0.0,0.0,0.0,0.0,0.0,0.0,0.0,10.0,10.0,10.0,0.0,0.0,10.0,0.0,0.0,,,
cybersecurity compliance services,0.09,LOW,$43.53,140.0,$14.44,$50.00,"10007, 13088, 13418",260,110,110,70,140,170,170,90,110,70,110,110,170,50,50,50,90,140,70,260,140,110,90,70,70,70,90,50,50,50,90,70,40,30,20,30,20,20.0,40.0,50.0,50.0,40.0,20.0,20.0,10.0,10.0,10.0,10.0,20.0,20.0,20.0,20.0,20.0,30.0,30.0,10.0,20.0,20.0,10.0,10.0,10.0,10.0,10.0,10.0,10.0,10.0,10.0,10.0,,,,,,,,,,,,,,
cybersecurity conferences,0.34,MEDIUM,$10.41,1900.0,$2.37,$13.71,"10016, 10141, 13828",2400,1900,1900,1600,1600,1900,1900,1900,1900,1900,1300,1600,1900,1600,1600,1300,1300,1600,1600,1600,1300,1600,1300,1600,1900,1900,1900,1600,1600,1300,1300,1600,1000,1000,720,880,1000,880.0,880.0,720.0,720.0,590.0,590.0,590.0,590.0,590.0,480.0,480.0,480.0,480.0,390.0,390.0,320.0,320.0,390.0,480.0,880.0,1000.0,880.0,880.0,1000.0,1000.0,880.0,720.0,880.0,720.0,720.0,720.0,720.0,880.0,590.0,720.0,880.0,,,,,,,,,
cybersecurity consultants,0.3,LOW,$29.05,3600.0,$5.51,$23.17,"10019, 10168, 10885, 12204, 13092",4400,4400,3600,3600,4400,3600,3600,3600,2900,4400,3600,3600,3600,2900,2900,2400,2900,3600,2900,2900,2900,2900,2900,2900,3600,4400,4400,4400,4400,4400,4400,3600,2900,4400,2400,2400,2400,2400.0,2400.0,1900.0,2400.0,2400.0,2400.0,2400.0,1900.0,2400.0,2400.0,2400.0,2400.0,2900.0,2400.0,1900.0,1900.0,1900.0,1900.0,1900.0,2400.0,2400.0,1900.0,2400.0,2900.0,2400.0,1600.0,1900.0,1600.0,1600.0,1600.0,1900.0,1900.0,1900.0,1600.0,1900.0,,,,,,,,,,
cybersecurity consulting,0.3,LOW,$29.05,3600.0,$5.51,$23.17,"10004, 10276, 11098",4400,4400,3600,3600,4400,3600,3600,3600,2900,4400,3600,3600,3600,2900,2900,2400,2900,3600,2900,2900,2900,2900,2900,2900,3600,4400,4400,4400,4400,4400,4400,3600,2900,4400,2400,2400,2400,2400.0,2400.0,1900.0,2400.0,2400.0,2400.0,2400.0,1900.0,2400.0,2400.0,2400.0,2400.0,2900.0,2400.0,1900.0,1900.0,1900.0,1900.0,1900.0,2400.0,2400.0,1900.0,2400.0,2900.0,2400.0,1600.0,1900.0,1600.0,1600.0,1600.0,1900.0,1900.0,1900.0,1600.0,1900.0,,,,,,,,,,
cybersecurity consulting companies,0.29,LOW,$25.62,880.0,$6.94,$25.78,"10004, 10276, 11098",1000,1000,1000,880,880,1000,1000,1000,880,880,720,880,880,880,590,720,590,880,720,880,880,880,720,720,880,880,1000,590,590,720,720,880,720,720,480,480,480,480.0,590.0,480.0,480.0,480.0,480.0,590.0,480.0,480.0,480.0,480.0,480.0,390.0,390.0,480.0,480.0,480.0,590.0,480.0,590.0,590.0,480.0,480.0,720.0,720.0,170.0,170.0,140.0,140.0,170.0,170.0,170.0,140.0,170.0,110.0,90.0,90.0,110.0,90.0,50.0,90.0,40.0,,,
cybersecurity consulting firm,0.29,LOW,$25.62,880.0,$6.94,$25.78,"10007, 10019, 10168, 10885, 12204, 13088, 13092, 13418",1000,1000,1000,880,880,1000,1000,1000,880,880,720,880,880,880,590,720,590,880,720,880,880,880,720,720,880,880,1000,590,590,720,720,880,720,720,480,480,480,480.0,590.0,480.0,480.0,480.0,480.0,590.0,480.0,480.0,480.0,480.0,480.0,390.0,390.0,480.0,480.0,480.0,590.0,480.0,590.0,590.0,480.0,480.0,720.0,720.0,390.0,260.0,170.0,210.0,260.0,320.0,390.0,260.0,260.0,260.0,,,,,,,,,,
cybersecurity consulting firms,0.29,LOW,$25.62,880.0,$6.94,$25.78,"10004, 10282, 11154",1000,1000,1000,880,880,1000,1000,1000,880,880,720,880,880,880,590,720,590,880,720,880,880,880,720,720,880,880,1000,590,590,720,720,880,720,720,480,480,480,480.0,590.0,480.0,480.0,480.0,480.0,590.0,480.0,480.0,480.0,480.0,480.0,390.0,390.0,480.0,480.0,480.0,590.0,480.0,590.0,590.0,480.0,480.0,720.0,720.0,390.0,260.0,170.0,210.0,260.0,320.0,390.0,260.0,260.0,260.0,,,,,,,,,,
cybersecurity consulting services,0.18,LOW,$51.89,590.0,$8.87,$39.90,"10004, 10007, 10276, 11094, 13088, 13418",720,480,390,390,480,590,480,590,480,720,720,480,590,720,320,390,480,590,590,720,590,590,480,590,480,590,720,480,480,590,590,590,480,390,390,320,320,260.0,480.0,320.0,320.0,390.0,320.0,260.0,260.0,210.0,260.0,320.0,320.0,320.0,260.0,210.0,170.0,170.0,170.0,170.0,170.0,260.0,260.0,140.0,210.0,170.0,170.0,140.0,140.0,170.0,260.0,480.0,390.0,210.0,210.0,210.0,,,,,,,,,,
cybersecurity controls,0.25,LOW,$20.69,320.0,$4.82,$18.09,"10007, 13088, 13418",320,260,260,260,260,260,390,480,320,390,320,390,480,390,320,320,390,320,320,390,390,390,390,320,320,390,390,320,320,320,390,320,320,260,260,320,320,260.0,260.0,210.0,260.0,260.0,260.0,260.0,210.0,210.0,170.0,210.0,260.0,170.0,170.0,170.0,210.0,260.0,210.0,210.0,210.0,210.0,170.0,170.0,210.0,170.0,140.0,140.0,170.0,170.0,170.0,170.0,140.0,140.0,110.0,170.0,,,,,,,,,,
cybersecurity controls assessment,0.45,MEDIUM,$18.58,10.0,$13.00,$36.26,"10007, 13088, 13418",20,10,10,20,10,10,10,10,10,10,10,10,10,10,20,10,20,10,10,10,10,10,10,10,10,10,10,10,10,10,10,10,10,10,10,10,10,10.0,10.0,10.0,10.0,10.0,10.0,10.0,10.0,10.0,10.0,10.0,10.0,10.0,10.0,10.0,10.0,10.0,0.0,0.0,0.0,0.0,0.0,0.0,0.0,0.0,0.0,0.0,0.0,0.0,0.0,0.0,0.0,0.0,0.0,0.0,0.0,0.0,0.0,0.0,0.0,0.0,0.0,,,
cybersecurity courses,0.5,MEDIUM,$30.84,27100.0,$8.47,$32.09,"10016, 10141, 10752",22200,49500,49500,90500,49500,14800,14800,14800,14800,18100,12100,12100,14800,14800,18100,14800,9900,12100,9900,9900,8100,12100,9900,9900,9900,12100,12100,9900,9900,9900,8100,8100,6600,6600,4400,4400,4400,4400.0,5400.0,4400.0,4400.0,5400.0,3600.0,3600.0,3600.0,4400.0,3600.0,2900.0,2900.0,2900.0,2900.0,2900.0,2900.0,2900.0,2900.0,2400.0,2400.0,2900.0,2900.0,2400.0,2900.0,2900.0,2900.0,2400.0,2400.0,2400.0,2400.0,2400.0,2400.0,2400.0,1900.0,1900.0,,,,,,,,,,
cybersecurity defense,0.2,LOW,$15.94,260.0,$6.86,$20.66,"10018, 10159",390,260,260,210,260,260,320,320,320,260,260,260,260,320,260,210,260,260,320,390,320,390,320,260,320,260,260,260,260,260,260,390,320,260,210,210,260,260.0,210.0,170.0,210.0,210.0,210.0,210.0,210.0,210.0,210.0,210.0,210.0,210.0,170.0,140.0,210.0,170.0,170.0,110.0,210.0,210.0,140.0,260.0,260.0,210.0,210.0,140.0,210.0,170.0,210.0,140.0,110.0,110.0,70.0,110.0,110.0,70.0,90.0,70.0,140.0,90.0,110.0,,,
cybersecurity defenses,0.2,LOW,$15.94,260.0,$6.86,$20.66,"10007, 13088, 13418",390,260,260,210,260,260,320,320,320,260,260,260,260,320,260,210,260,260,320,390,320,390,320,260,320,260,260,260,260,260,260,390,320,260,210,210,260,260.0,210.0,170.0,210.0,210.0,210.0,210.0,210.0,210.0,210.0,210.0,210.0,210.0,170.0,140.0,210.0,170.0,170.0,110.0,210.0,210.0,140.0,260.0,260.0,210.0,210.0,140.0,210.0,170.0,210.0,140.0,110.0,110.0,70.0,110.0,110.0,70.0,90.0,70.0,140.0,90.0,110.0,110.0,70.0,
cybersecurity detection,0.19,LOW,$22.81,40.0,$11.85,$43.40,"10019, 10168, 10885, 12204, 13092",50,50,50,30,50,70,40,30,30,30,40,40,50,50,20,20,40,110,70,70,50,50,70,70,90,40,140,50,50,40,50,40,40,30,20,20,30,30.0,30.0,30.0,20.0,30.0,20.0,20.0,30.0,30.0,30.0,40.0,30.0,30.0,30.0,30.0,30.0,20.0,30.0,30.0,30.0,30.0,30.0,10.0,30.0,10.0,10.0,20.0,30.0,20.0,10.0,20.0,20.0,10.0,20.0,20.0,20.0,20.0,10.0,20.0,10.0,20.0,20.0,,,
cybersecurity detection and response,0.28,LOW,$19.67,170.0,$8.00,$38.86,"10019, 10168, 10885, 12204, 13092",30,50,70,50,70,480,720,720,20,10,10,10,10,10,10,20,20,20,10,20,10,10,10,10,10,10,20,10,10,20,20,20,20,10,10,10,10,10.0,10.0,10.0,10.0,10.0,10.0,10.0,10.0,10.0,10.0,10.0,10.0,10.0,10.0,10.0,10.0,10.0,10.0,10.0,10.0,10.0,10.0,10.0,10.0,10.0,0.0,,,,,,,,,,,,,,,,,,,
cybersecurity development,0.21,LOW,$36.51,30.0,$3.65,$18.00,"10019, 10168, 10885, 12204, 13092",30,20,20,20,20,20,30,30,20,30,20,40,70,30,30,20,50,20,50,50,40,30,40,40,40,30,30,20,20,40,20,40,40,40,20,20,20,30.0,20.0,20.0,20.0,30.0,30.0,20.0,20.0,20.0,50.0,40.0,30.0,20.0,20.0,20.0,30.0,20.0,20.0,20.0,20.0,30.0,10.0,30.0,40.0,30.0,20.0,10.0,20.0,20.0,30.0,20.0,20.0,10.0,20.0,20.0,30.0,10.0,20.0,30.0,20.0,10.0,20.0,,,
cybersecurity devices,0.69,HIGH,$6.09,90.0,$3.50,$9.60,"10019, 10168, 10885, 12204, 13092",90,90,90,70,70,70,110,90,90,110,110,110,110,70,70,90,90,110,110,90,70,90,110,70,90,50,90,110,90,70,70,50,70,90,50,50,70,90.0,40.0,50.0,70.0,50.0,70.0,70.0,50.0,50.0,90.0,70.0,70.0,70.0,90.0,50.0,70.0,50.0,50.0,40.0,70.0,70.0,70.0,70.0,70.0,50.0,50.0,40.0,50.0,110.0,50.0,40.0,30.0,20.0,30.0,20.0,30.0,30.0,20.0,10.0,10.0,30.0,40.0,,,
cybersecurity distributors,0.85,HIGH,$23.48,10.0,$10.19,$35.69,"10007, 13088, 13418, 13575, 13719",10,10,10,10,10,10,10,30,10,20,10,10,20,20,10,20,20,20,20,10,20,10,10,10,10,20,10,10,10,10,20,20,20,10,10,10,10,10.0,10.0,10.0,10.0,10.0,20.0,20.0,10.0,20.0,20.0,10.0,10.0,10.0,10.0,10.0,10.0,10.0,10.0,10.0,10.0,10.0,10.0,10.0,10.0,10.0,10.0,10.0,10.0,10.0,10.0,10.0,10.0,10.0,0.0,10.0,,,,,,,,,,
cybersecurity education,0.44,MEDIUM,$22.24,1000.0,$3.93,$19.20,"10016, 10141, 10763",1900,1300,1300,1000,1000,1000,1000,1000,880,880,880,1000,1000,880,1300,1000,880,880,1000,880,720,880,720,720,880,880,880,880,880,880,880,880,720,720,590,590,720,590.0,720.0,590.0,720.0,720.0,480.0,590.0,590.0,590.0,590.0,590.0,720.0,480.0,590.0,480.0,590.0,480.0,590.0,480.0,590.0,720.0,590.0,590.0,590.0,590.0,590.0,590.0,480.0,590.0,590.0,590.0,590.0,480.0,390.0,480.0,,,,,,,,,,
cybersecurity engineers,0.28,LOW,$20.95,5400.0,$5.35,$18.31,"10016, 10139, 10746, 12029",6600,6600,5400,5400,5400,5400,5400,5400,5400,6600,4400,4400,5400,5400,8100,6600,5400,5400,5400,6600,4400,5400,4400,4400,5400,4400,4400,4400,3600,4400,4400,3600,3600,3600,2900,3600,3600,3600.0,3600.0,2900.0,2900.0,2900.0,2900.0,3600.0,3600.0,3600.0,2900.0,2900.0,3600.0,2900.0,3600.0,3600.0,3600.0,3600.0,3600.0,2900.0,3600.0,3600.0,2900.0,2900.0,2900.0,2900.0,2900.0,,,,,,,,,,,,,,,,,,,
cybersecurity evaluation,0.32,LOW,$43.91,20.0,$11.11,$28.00,"10016, 10019, 10141, 10168, 10763, 10885, 12204, 13092",40,20,10,10,20,20,20,20,20,20,30,30,30,30,30,20,30,10,20,10,20,20,20,10,10,20,30,20,20,20,20,20,20,30,10,10,20,10.0,20.0,10.0,30.0,30.0,20.0,10.0,10.0,10.0,10.0,10.0,20.0,10.0,10.0,10.0,20.0,10.0,10.0,10.0,10.0,10.0,10.0,10.0,20.0,10.0,10.0,10.0,10.0,10.0,10.0,10.0,10.0,10.0,10.0,10.0,,,,,,,,,,
cybersecurity events,0.35,MEDIUM,$12.01,720.0,$2.81,$14.03,"10007, 13088, 13418",720,590,880,590,590,720,590,720,720,720,390,590,720,720,590,480,590,590,720,590,480,720,590,590,720,720,720,480,480,480,480,480,480,480,390,480,480,480.0,390.0,390.0,390.0,320.0,320.0,390.0,320.0,320.0,320.0,260.0,320.0,320.0,260.0,210.0,210.0,170.0,170.0,260.0,390.0,480.0,320.0,390.0,590.0,480.0,390.0,390.0,260.0,320.0,390.0,390.0,,,,,,,,,,,,,,
cybersecurity experts,0.37,MEDIUM,$24.42,1300.0,$3.76,$17.74,"10007, 13088, 13418",1900,1600,1600,1300,1300,1300,1300,1000,880,880,720,720,720,720,720,720,720,880,880,880,880,880,880,720,880,880,1000,880,880,720,880,880,720,590,590,590,720,720.0,720.0,590.0,720.0,720.0,590.0,590.0,590.0,720.0,590.0,590.0,720.0,590.0,590.0,480.0,480.0,480.0,590.0,480.0,590.0,720.0,480.0,590.0,590.0,480.0,390.0,480.0,390.0,390.0,480.0,320.0,390.0,480.0,390.0,260.0,,,,,,,,,,
cybersecurity firms,0.39,MEDIUM,$22.11,14800.0,$5.64,$25.00,"10007, 13088, 13418",14800,12100,14800,18100,18100,18100,12100,12100,14800,12100,9900,9900,9900,9900,9900,9900,9900,9900,12100,12100,12100,14800,9900,9900,8100,9900,9900,8100,9900,8100,9900,12100,9900,8100,6600,6600,8100,8100.0,8100.0,9900.0,9900.0,9900.0,8100.0,8100.0,8100.0,9900.0,9900.0,6600.0,6600.0,6600.0,6600.0,6600.0,8100.0,8100.0,6600.0,6600.0,6600.0,8100.0,4400.0,5400.0,6600.0,6600.0,880.0,720.0,590.0,590.0,720.0,590.0,720.0,720.0,590.0,590.0,,,,,,,,,,
cybersecurity forensics,0.37,MEDIUM,$13.14,590.0,$3.12,$13.15,"10019, 10168, 10885, 12204, 13092",1000,880,880,480,480,480,480,480,480,590,480,480,480,480,480,390,390,390,390,390,390,480,390,390,390,390,480,390,320,480,480,390,320,390,320,260,320,260.0,390.0,390.0,320.0,390.0,390.0,390.0,320.0,390.0,390.0,320.0,390.0,320.0,320.0,260.0,210.0,260.0,260.0,210.0,260.0,260.0,210.0,210.0,210.0,210.0,320.0,260.0,260.0,260.0,320.0,260.0,210.0,260.0,170.0,210.0,,,,,,,,,,
cybersecurity forums,0.23,LOW,$13.80,260.0,$2.85,$11.18,"10007, 13088, 13418",210,210,210,260,210,260,390,320,390,320,260,210,260,260,260,210,260,210,210,210,170,260,170,170,170,210,170,170,170,170,140,210,170,140,140,170,210,170.0,210.0,170.0,140.0,170.0,110.0,140.0,140.0,170.0,170.0,140.0,210.0,170.0,140.0,170.0,140.0,140.0,170.0,170.0,210.0,210.0,170.0,170.0,210.0,210.0,210.0,390.0,260.0,260.0,210.0,210.0,210.0,210.0,140.0,170.0,,,,,,,,,,
cybersecurity framework,0.28,LOW,$11.98,2400.0,$3.21,$15.00,"10019, 10168, 10885, 12204, 13092",2900,2900,2400,2400,2400,2400,2400,2400,2400,2400,1600,1900,2400,2400,2400,1900,1900,2400,2400,2400,2400,2400,1600,1900,2400,1900,2400,1900,1900,1900,2400,2400,2400,1900,1600,1900,1900,1900.0,1900.0,1600.0,1900.0,1600.0,1600.0,1900.0,1600.0,1600.0,1300.0,1600.0,1900.0,1600.0,1600.0,1600.0,1600.0,1600.0,1600.0,1600.0,1900.0,1900.0,1300.0,1600.0,1900.0,1600.0,1600.0,1600.0,1300.0,1300.0,1600.0,1600.0,1300.0,1300.0,1000.0,1300.0,1600.0,,,,,,,,,
cybersecurity frameworks,0.28,LOW,$11.98,2400.0,$3.21,$15.00,"10019, 10168, 10885, 12204, 13092",2900,2900,2400,2400,2400,2400,2400,2400,2400,2400,1600,1900,2400,2400,2400,1900,1900,2400,2400,2400,2400,2400,1600,1900,2400,1900,2400,1900,1900,1900,2400,2400,2400,1900,1600,1900,1900,1900.0,1900.0,1600.0,1900.0,1600.0,1600.0,1900.0,1600.0,1600.0,1300.0,1600.0,1900.0,1600.0,1600.0,1600.0,1600.0,1600.0,1600.0,1600.0,1900.0,1900.0,1300.0,1600.0,1900.0,1600.0,1600.0,1600.0,1300.0,1300.0,1600.0,1600.0,1300.0,1300.0,1000.0,1300.0,,,,,,,,,,
cybersecurity funding,0.18,LOW,$9.79,170.0,$1.85,$11.25,"10016, 10141, 10763, 13513",170,110,110,170,140,140,140,170,210,210,170,90,110,90,110,90,70,110,70,110,110,110,90,140,140,140,110,110,110,110,140,210,140,140,140,210,210,170.0,170.0,210.0,260.0,210.0,140.0,170.0,170.0,210.0,210.0,70.0,70.0,70.0,70.0,90.0,70.0,90.0,110.0,90.0,110.0,140.0,90.0,50.0,70.0,50.0,70.0,90.0,70.0,70.0,110.0,90.0,110.0,90.0,50.0,50.0,,,,,,,,,,
cybersecurity governance,0.34,MEDIUM,$9.43,480.0,$3.52,$10.54,"10007, 13088, 13418",1000,880,720,480,390,320,320,390,390,390,390,320,390,390,320,260,260,320,390,390,320,390,390,390,390,390,480,320,320,390,480,390,320,320,260,260,260,260.0,260.0,210.0,260.0,210.0,260.0,260.0,260.0,260.0,170.0,210.0,210.0,170.0,210.0,210.0,170.0,170.0,260.0,170.0,170.0,210.0,210.0,210.0,170.0,170.0,210.0,170.0,110.0,110.0,170.0,170.0,170.0,140.0,110.0,140.0,140.0,,,,,,,,,
cybersecurity governance framework,0.22,LOW,$0.00,70.0,$4.10,$18.90,"10007, 13088, 13418",70,70,30,50,70,70,90,50,90,50,50,40,70,70,70,50,70,70,90,90,70,70,50,70,90,70,70,90,90,70,70,90,70,50,70,40,50,50.0,70.0,40.0,50.0,50.0,30.0,50.0,50.0,50.0,40.0,40.0,50.0,40.0,50.0,40.0,50.0,50.0,40.0,40.0,50.0,50.0,30.0,40.0,30.0,40.0,30.0,40.0,30.0,30.0,30.0,30.0,20.0,30.0,30.0,30.0,,,,,,,,,,
cybersecurity governance frameworks,0.22,LOW,$0.00,70.0,$4.10,$18.90,"10019, 10168, 10885, 12204, 13092",70,70,30,50,70,70,90,50,90,50,50,40,70,70,70,50,70,70,90,90,70,70,50,70,90,70,70,90,90,70,70,90,70,50,70,40,50,50.0,70.0,40.0,50.0,50.0,30.0,50.0,50.0,50.0,40.0,40.0,50.0,40.0,50.0,40.0,50.0,50.0,40.0,40.0,50.0,50.0,30.0,40.0,30.0,40.0,30.0,40.0,30.0,30.0,30.0,30.0,20.0,30.0,30.0,30.0,40.0,,,,,,,,,
cybersecurity grants,0.29,LOW,$14.57,590.0,$1.79,$14.94,"10012, 10099, 10535, 13437",1000,880,1000,720,720,390,480,480,590,480,480,480,480,480,590,480,480,480,480,480,390,390,390,390,590,480,390,320,320,320,320,390,480,320,210,260,210,260.0,260.0,260.0,320.0,260.0,170.0,210.0,210.0,210.0,140.0,110.0,170.0,140.0,170.0,170.0,140.0,170.0,140.0,110.0,210.0,210.0,140.0,170.0,210.0,170.0,170.0,140.0,140.0,170.0,170.0,140.0,170.0,170.0,140.0,140.0,,,,,,,,,,
cybersecurity guidelines,0.32,LOW,$12.08,260.0,$4.08,$16.95,"10019, 10168, 10885, 12204, 13092",260,260,210,210,260,210,260,260,260,260,260,210,260,170,210,210,170,170,210,210,140,210,140,170,260,170,210,210,210,170,210,170,210,170,140,170,210,170.0,170.0,320.0,210.0,170.0,110.0,170.0,140.0,170.0,140.0,110.0,140.0,110.0,110.0,110.0,110.0,90.0,50.0,110.0,70.0,50.0,50.0,40.0,50.0,50.0,50.0,50.0,40.0,40.0,70.0,50.0,50.0,50.0,30.0,30.0,30.0,30.0,30.0,30.0,70.0,40.0,40.0,,,
cybersecurity hardware,0.54,MEDIUM,$7.06,170.0,$3.80,$11.32,"10019, 10168, 10885, 12204, 13092",210,210,170,170,170,170,210,170,260,210,140,170,170,140,170,140,110,170,210,170,170,170,140,210,170,170,170,170,110,110,170,140,170,110,110,140,140,140.0,90.0,90.0,140.0,110.0,140.0,110.0,110.0,170.0,110.0,110.0,140.0,110.0,110.0,110.0,110.0,90.0,110.0,110.0,110.0,90.0,90.0,140.0,90.0,90.0,90.0,90.0,90.0,110.0,110.0,90.0,90.0,70.0,90.0,110.0,110.0,,,,,,,,,
cybersecurity implementation,0.2,LOW,$10.90,50.0,$4.87,$14.34,"10019, 10168, 10885, 12204, 13092",50,50,30,40,70,50,70,50,70,50,30,70,70,50,40,50,30,50,50,50,40,50,50,70,90,50,90,50,40,40,70,50,50,50,50,50,50,50.0,40.0,40.0,30.0,20.0,20.0,20.0,30.0,40.0,30.0,40.0,30.0,40.0,30.0,40.0,30.0,20.0,30.0,30.0,40.0,40.0,50.0,40.0,30.0,50.0,50.0,10.0,10.0,20.0,40.0,30.0,30.0,30.0,20.0,20.0,30.0,30.0,20.0,10.0,20.0,30.0,20.0,,,
cybersecurity incident,0.28,LOW,$7.25,880.0,$2.19,$9.60,"10007, 10019, 10168, 10885, 12204, 13088, 13092, 13418",1300,1300,1000,880,880,590,880,880,880,720,590,1000,880,720,590,480,390,480,590,880,720,720,480,590,720,720,720,480,390,480,720,590,720,590,480,590,480,720.0,480.0,390.0,390.0,390.0,480.0,390.0,480.0,320.0,320.0,390.0,480.0,590.0,320.0,260.0,320.0,210.0,260.0,260.0,320.0,320.0,320.0,320.0,480.0,480.0,260.0,210.0,170.0,170.0,320.0,210.0,210.0,210.0,140.0,210.0,,,,,,,,,,
cybersecurity incident handling,0.27,LOW,$0.00,30.0,$5.98,$21.74,"10007, 10019, 10168, 10885, 12204, 13088, 13092, 13418",50,30,40,40,20,20,40,40,50,30,30,30,40,30,20,20,10,30,30,30,20,20,30,40,30,20,30,20,30,50,50,20,40,50,20,20,20,20.0,10.0,10.0,10.0,10.0,10.0,10.0,10.0,10.0,10.0,10.0,10.0,20.0,10.0,10.0,10.0,10.0,10.0,10.0,10.0,10.0,10.0,10.0,10.0,10.0,10.0,,,,,,,,,,,,,,,,,,,
cybersecurity incident management,0.19,LOW,$16.51,50.0,$8.24,$17.13,"10007, 13088, 13418",70,90,50,50,50,50,50,40,50,30,50,50,50,70,50,40,50,40,50,50,20,50,30,30,40,90,90,90,30,40,70,70,70,70,40,40,50,30.0,40.0,30.0,50.0,40.0,30.0,40.0,40.0,40.0,40.0,50.0,40.0,20.0,30.0,20.0,40.0,20.0,20.0,30.0,30.0,30.0,30.0,40.0,20.0,20.0,30.0,20.0,10.0,20.0,20.0,20.0,20.0,20.0,20.0,10.0,,,,,,,,,,
cybersecurity incident reporting,0.38,MEDIUM,$16.33,170.0,$4.93,$25.18,"10007, 13088, 13418",170,140,110,110,110,170,210,210,210,140,170,170,170,170,140,140,110,140,140,170,140,170,140,210,140,170,210,140,140,110,140,140,140,110,140,110,170,110.0,110.0,70.0,90.0,110.0,110.0,110.0,90.0,110.0,110.0,90.0,110.0,110.0,90.0,70.0,90.0,90.0,110.0,90.0,110.0,90.0,110.0,110.0,140.0,110.0,90.0,90.0,90.0,90.0,90.0,,,,,,,,,,,,,,,
cybersecurity incident response,0.26,LOW,$24.39,1300.0,$7.91,$27.47,"10007, 10019, 10168, 10885, 12204, 13088, 13092, 13418",1600,1300,1300,1600,1300,1600,1600,1300,1300,1300,1000,1300,1300,1000,880,1000,880,1000,1300,1300,1300,1300,1300,1600,1600,1600,1900,1300,1300,1300,1300,1300,1300,1300,1300,1000,1600,1000.0,1000.0,1000.0,1000.0,1000.0,1000.0,1000.0,1000.0,1000.0,1000.0,1000.0,1000.0,880.0,720.0,720.0,720.0,880.0,720.0,720.0,720.0,720.0,720.0,720.0,880.0,590.0,320.0,320.0,260.0,260.0,320.0,260.0,260.0,170.0,140.0,140.0,,,,,,,,,,
cybersecurity incident response management,0.18,LOW,$0.00,10.0,$0.00,$0.00,"10007, 13088, 13418",10,10,10,10,10,10,10,0,10,10,10,0,10,0,10,10,10,10,10,10,10,10,10,10,10,10,10,10,10,10,10,10,10,10,10,10,10,10.0,10.0,10.0,0.0,10.0,10.0,10.0,10.0,10.0,10.0,10.0,10.0,10.0,10.0,10.0,10.0,10.0,10.0,10.0,10.0,10.0,10.0,10.0,10.0,10.0,10.0,10.0,10.0,10.0,20.0,20.0,,,,,,,,,,,,,,
cybersecurity incident response plan,0.49,MEDIUM,$27.68,390.0,$8.00,$23.00,"10007, 10019, 10168, 10885, 12204, 13088, 13092, 13418",390,480,320,390,390,390,590,480,480,390,320,480,480,390,390,390,390,480,480,480,390,480,390,480,480,480,590,480,320,390,390,390,320,390,320,320,320,260.0,260.0,320.0,390.0,390.0,260.0,390.0,260.0,260.0,260.0,260.0,320.0,210.0,260.0,210.0,170.0,210.0,210.0,260.0,320.0,320.0,210.0,320.0,320.0,260.0,260.0,260.0,210.0,260.0,260.0,260.0,210.0,210.0,170.0,210.0,,,,,,,,,,
cybersecurity incident response plan example,0.44,MEDIUM,$25.49,30.0,$4.83,$17.93,"10007, 10012, 10019, 10102, 10168, 10885, 12204, 12394, 13088, 13092, 13418",40,40,20,50,20,20,40,50,50,10,20,40,50,30,50,20,40,70,50,50,50,40,40,70,50,50,50,70,50,50,70,70,90,30,90,50,70,70.0,70.0,40.0,50.0,30.0,30.0,40.0,20.0,30.0,20.0,20.0,30.0,20.0,10.0,20.0,20.0,30.0,20.0,30.0,10.0,20.0,10.0,30.0,30.0,30.0,30.0,30.0,20.0,30.0,20.0,20.0,10.0,10.0,20.0,10.0,,,,,,,,,,
cybersecurity incident response plan template,0.46,MEDIUM,$17.42,170.0,$4.23,$17.88,"10012, 10102, 12394",210,140,140,170,140,170,210,170,210,140,140,210,170,170,140,170,140,170,170,170,140,170,110,260,260,260,390,260,170,210,210,260,210,170,140,170,140,170.0,170.0,210.0,210.0,140.0,170.0,170.0,140.0,110.0,140.0,90.0,140.0,140.0,90.0,170.0,110.0,110.0,210.0,260.0,260.0,210.0,140.0,210.0,210.0,140.0,170.0,140.0,170.0,170.0,170.0,210.0,170.0,210.0,110.0,170.0,170.0,170.0,210.0,110.0,210.0,140.0,110.0,,,
cybersecurity incident response planning,0.49,MEDIUM,$27.68,390.0,$8.00,$23.00,"10007, 10019, 10168, 10885, 12204, 13088, 13092, 13418",390,480,320,390,390,390,590,480,480,390,320,480,480,390,390,390,390,480,480,480,390,480,390,480,480,480,590,480,320,390,390,390,320,390,320,320,320,260.0,260.0,320.0,390.0,390.0,260.0,390.0,260.0,260.0,260.0,260.0,320.0,210.0,260.0,210.0,170.0,210.0,210.0,260.0,320.0,0.0,0.0,0.0,0.0,0.0,0.0,0.0,0.0,0.0,0.0,0.0,0.0,,,,,,,,,,,,,
cybersecurity incident response playbook,0.42,MEDIUM,$20.00,20.0,$6.57,$22.70,"10007, 10019, 10168, 10885, 12204, 13088, 13092, 13418",10,20,20,10,10,10,10,10,20,30,10,10,10,10,10,20,20,10,10,30,10,10,10,20,20,20,20,20,20,10,20,20,10,10,10,10,20,10.0,20.0,10.0,10.0,20.0,10.0,10.0,10.0,20.0,30.0,40.0,40.0,30.0,20.0,30.0,20.0,30.0,20.0,30.0,30.0,30.0,30.0,20.0,10.0,10.0,10.0,10.0,20.0,10.0,10.0,10.0,10.0,10.0,20.0,40.0,40.0,40.0,30.0,40.0,40.0,40.0,20.0,,,
cybersecurity incident response policy,0.49,MEDIUM,$6.83,20.0,$3.09,$23.00,"10019, 10168, 10885, 12204, 13092",10,10,20,10,20,40,20,10,10,10,30,40,30,20,20,20,20,30,30,50,20,20,20,30,20,50,50,70,40,20,20,30,20,30,20,10,20,10.0,10.0,10.0,10.0,10.0,10.0,20.0,10.0,10.0,20.0,10.0,20.0,20.0,20.0,20.0,20.0,20.0,30.0,20.0,20.0,30.0,30.0,30.0,50.0,30.0,20.0,20.0,10.0,20.0,50.0,20.0,20.0,40.0,10.0,20.0,30.0,40.0,40.0,30.0,30.0,20.0,50.0,,,
cybersecurity incident response process,0.23,LOW,$14.41,30.0,$7.09,$20.69,"10007, 10019, 10168, 10885, 12204, 13088, 13092, 13418",40,30,30,30,30,30,40,20,30,40,40,30,50,20,20,20,20,20,30,40,20,30,20,40,40,30,20,30,20,20,20,20,20,20,20,30,10,20.0,20.0,10.0,20.0,10.0,10.0,20.0,10.0,10.0,10.0,20.0,20.0,20.0,10.0,20.0,20.0,10.0,10.0,10.0,20.0,10.0,10.0,10.0,10.0,10.0,20.0,10.0,10.0,20.0,10.0,10.0,10.0,10.0,10.0,10.0,10.0,0.0,10.0,10.0,10.0,10.0,10.0,,,
cybersecurity incident response services,0.09,LOW,$43.49,40.0,$14.38,$33.81,"10007, 10019, 10168, 10885, 12204, 13088, 13092, 13418",50,50,50,70,50,40,30,10,20,30,20,30,20,20,10,10,10,10,20,10,10,10,20,40,20,30,50,30,20,30,30,30,10,10,10,20,30,20.0,20.0,20.0,20.0,40.0,20.0,10.0,10.0,10.0,10.0,10.0,20.0,10.0,30.0,20.0,10.0,10.0,10.0,10.0,10.0,10.0,10.0,10.0,10.0,10.0,10.0,10.0,10.0,10.0,0.0,10.0,10.0,10.0,10.0,10.0,10.0,0.0,10.0,0.0,0.0,0.0,0.0,,,
cybersecurity incident response tabletop exercise,0.89,HIGH,$0.00,10.0,$0.00,$0.00,"10007, 10019, 10168, 10885, 12204, 13088, 13092, 13418",10,10,10,10,10,10,10,10,10,10,10,10,10,10,10,10,10,10,10,10,20,10,10,10,10,10,20,10,10,10,10,20,10,10,10,10,10,10.0,30.0,10.0,20.0,30.0,10.0,20.0,10.0,10.0,10.0,10.0,10.0,10.0,10.0,10.0,10.0,10.0,10.0,10.0,10.0,10.0,10.0,10.0,10.0,10.0,10.0,10.0,10.0,10.0,10.0,30.0,30.0,40.0,50.0,70.0,,,,,,,,,,
cybersecurity incident response team,0.26,LOW,$9.35,110.0,$5.29,$19.14,"10007, 13088, 13418",110,90,110,90,90,90,140,110,140,110,90,90,170,110,110,110,140,140,110,110,110,90,70,110,110,140,140,170,110,90,90,110,90,70,90,70,110,70.0,90.0,70.0,70.0,90.0,90.0,90.0,90.0,90.0,110.0,110.0,90.0,70.0,70.0,70.0,70.0,70.0,70.0,90.0,90.0,70.0,90.0,70.0,70.0,50.0,30.0,40.0,20.0,30.0,40.0,30.0,20.0,20.0,20.0,20.0,20.0,30.0,20.0,20.0,20.0,20.0,20.0,10.0,30.0,10.0
cybersecurity incident response training,0.74,HIGH,$41.93,40.0,$7.49,$32.56,"10007, 13088, 13418",30,30,30,30,30,40,30,40,70,30,20,40,20,20,30,30,10,20,30,20,40,30,30,30,40,30,30,20,10,20,40,20,20,30,20,30,30,30.0,20.0,20.0,30.0,20.0,20.0,10.0,20.0,20.0,20.0,10.0,20.0,30.0,20.0,20.0,20.0,30.0,20.0,20.0,50.0,40.0,20.0,20.0,30.0,40.0,40.0,40.0,40.0,40.0,40.0,40.0,50.0,30.0,10.0,10.0,,,,,,,,,,
cybersecurity incidents,0.28,LOW,$7.25,880.0,$2.19,$9.60,"10004, 10299",1300,1300,1000,880,880,590,880,880,880,720,590,1000,880,720,590,480,390,480,590,880,720,720,480,590,720,720,720,480,390,480,720,590,720,590,480,590,480,720.0,480.0,390.0,390.0,390.0,480.0,390.0,480.0,320.0,320.0,390.0,480.0,590.0,320.0,260.0,320.0,210.0,260.0,260.0,320.0,320.0,320.0,320.0,480.0,480.0,260.0,210.0,170.0,170.0,320.0,210.0,210.0,210.0,140.0,210.0,,,,,,,,,,
cybersecurity industry,0.23,LOW,$17.82,880.0,$5.00,$18.51,"10007, 10019, 10168, 10885, 12204, 13088, 13092, 13418",880,720,880,720,1000,880,1000,1000,880,880,720,720,1000,880,880,880,880,1600,1000,1000,880,1300,1000,1300,1300,1300,1300,1000,880,1000,880,1000,880,880,720,880,880,880.0,880.0,720.0,880.0,880.0,720.0,880.0,720.0,720.0,590.0,720.0,880.0,720.0,720.0,720.0,720.0,590.0,590.0,590.0,720.0,720.0,480.0,590.0,720.0,590.0,170.0,140.0,140.0,140.0,170.0,140.0,140.0,140.0,110.0,140.0,,,,,,,,,,
cybersecurity infrastructure,0.21,LOW,$15.46,320.0,$4.30,$18.72,"10007, 13088, 13418",320,260,390,210,260,320,390,320,390,320,260,260,260,260,260,260,320,210,260,320,260,320,260,390,390,480,390,320,260,260,390,480,390,320,260,320,320,260.0,320.0,320.0,320.0,480.0,260.0,260.0,170.0,170.0,210.0,480.0,170.0,140.0,140.0,140.0,170.0,140.0,170.0,260.0,210.0,170.0,140.0,110.0,210.0,140.0,170.0,140.0,140.0,210.0,210.0,140.0,170.0,110.0,70.0,110.0,,,,,,,,,,
cybersecurity innovations,0.4,MEDIUM,$15.78,140.0,$4.24,$12.58,"10007, 13088, 13418",170,140,110,110,170,90,110,140,170,140,110,110,110,110,50,70,90,70,140,140,110,110,110,170,140,170,170,90,90,90,90,110,110,70,70,70,90,90.0,70.0,50.0,50.0,70.0,50.0,70.0,90.0,70.0,70.0,70.0,110.0,140.0,90.0,90.0,50.0,50.0,70.0,140.0,110.0,90.0,70.0,90.0,110.0,110.0,90.0,70.0,50.0,90.0,110.0,210.0,90.0,90.0,70.0,110.0,,,,,,,,,,
cybersecurity intelligence,0.25,LOW,$48.16,170.0,$8.25,$30.00,"10019, 10168, 10885, 12204, 13092",210,170,260,140,140,260,210,170,170,170,140,140,170,140,140,140,110,210,260,260,170,260,320,260,320,390,320,260,260,260,260,260,170,170,170,140,140,140.0,170.0,140.0,140.0,140.0,140.0,140.0,110.0,140.0,170.0,170.0,170.0,140.0,140.0,170.0,140.0,170.0,140.0,170.0,170.0,140.0,140.0,140.0,110.0,110.0,110.0,110.0,70.0,110.0,110.0,50.0,90.0,70.0,40.0,70.0,,,,,,,,,,
cybersecurity internships,0.22,LOW,$8.04,22200.0,$2.07,$11.16,"10016, 10139, 10746, 12022",27100,33100,27100,22200,18100,18100,18100,18100,18100,18100,14800,14800,14800,14800,14800,12100,12100,12100,12100,12100,12100,12100,8100,8100,8100,8100,8100,8100,6600,8100,8100,8100,6600,8100,5400,5400,6600,6600.0,6600.0,5400.0,5400.0,6600.0,5400.0,6600.0,5400.0,6600.0,5400.0,5400.0,5400.0,5400.0,4400.0,4400.0,4400.0,4400.0,3600.0,3600.0,5400.0,6600.0,4400.0,4400.0,5400.0,4400.0,3600.0,3600.0,2900.0,3600.0,4400.0,4400.0,3600.0,4400.0,2900.0,3600.0,,,,,,,,,,
cybersecurity investments,0.19,LOW,$3.79,170.0,$2.79,$11.18,"10007, 10019, 10168, 10885, 12204, 13088, 13092, 13418",210,170,170,210,170,170,140,210,170,260,110,140,140,140,110,170,140,140,170,170,110,170,140,260,210,170,170,170,110,140,210,210,170,170,140,170,170,170.0,210.0,210.0,320.0,210.0,140.0,170.0,170.0,210.0,170.0,140.0,140.0,110.0,90.0,90.0,110.0,140.0,140.0,140.0,110.0,140.0,110.0,110.0,90.0,110.0,140.0,140.0,170.0,110.0,210.0,170.0,170.0,140.0,110.0,140.0,,,,,,,,,,
cybersecurity jobs,0.26,LOW,$8.60,90500.0,$2.10,$9.43,"10007, 13088, 13418",90500,110000,135000,135000,110000,90500,74000,74000,74000,90500,60500,60500,60500,60500,74000,74000,60500,60500,49500,60500,49500,60500,40500,49500,49500,60500,60500,60500,49500,49500,40500,33100,33100,40500,27100,27100,27100,33100.0,33100.0,27100.0,27100.0,33100.0,27100.0,27100.0,27100.0,33100.0,27100.0,27100.0,33100.0,33100.0,40500.0,33100.0,33100.0,33100.0,27100.0,27100.0,33100.0,40500.0,27100.0,27100.0,33100.0,33100.0,33100.0,27100.0,27100.0,27100.0,27100.0,27100.0,22200.0,27100.0,22200.0,22200.0,27100.0,22200.0,27100.0,22200.0,18100.0,18100.0,18100.0,18100.0,14800.0,
cybersecurity laws,0.28,LOW,$10.34,2400.0,$2.51,$10.19,"10007, 13088, 13418",3600,2900,2900,2400,2400,1900,1900,1900,2400,2400,1600,1600,1900,1900,1900,1600,1600,1600,1600,1600,1600,1900,1600,1600,1900,1600,1900,1300,1600,1600,1600,1600,1600,1600,1300,1300,1600,1300.0,1300.0,1300.0,1300.0,1600.0,1300.0,1300.0,1600.0,1600.0,1300.0,1300.0,1300.0,1300.0,1300.0,1300.0,1300.0,1000.0,1000.0,880.0,1000.0,1000.0,1300.0,1300.0,1300.0,1000.0,590.0,590.0,480.0,720.0,720.0,720.0,590.0,720.0,590.0,590.0,,,,,,,,,,
cybersecurity leaders,0.31,LOW,$11.93,260.0,$4.28,$15.08,"10004, 10276, 11084, 12370",260,260,210,320,260,260,260,320,320,320,260,260,260,260,210,260,260,260,260,260,260,320,260,320,320,320,390,260,320,260,260,260,260,260,210,210,260,260.0,260.0,260.0,260.0,210.0,210.0,260.0,260.0,320.0,320.0,260.0,260.0,210.0,170.0,210.0,210.0,210.0,210.0,170.0,210.0,210.0,140.0,170.0,170.0,210.0,170.0,140.0,140.0,170.0,210.0,140.0,,,,,,,,,,,,,,
cybersecurity leadership,0.31,LOW,$11.93,260.0,$4.28,$15.08,"10004, 10276, 11084, 12370",260,260,210,320,260,260,260,320,320,320,260,260,260,260,210,260,260,260,260,260,260,320,260,320,320,320,390,260,320,260,260,260,260,260,210,210,260,260.0,260.0,260.0,260.0,210.0,210.0,260.0,260.0,320.0,320.0,260.0,260.0,210.0,170.0,210.0,210.0,210.0,210.0,170.0,210.0,210.0,140.0,170.0,170.0,210.0,170.0,140.0,140.0,170.0,210.0,140.0,140.0,170.0,140.0,140.0,170.0,170.0,110.0,170.0,140.0,170.0,170.0,,,
cybersecurity management,0.19,LOW,$19.87,590.0,$9.14,$24.59,"10007, 13088, 13418",720,590,720,480,480,480,590,480,480,480,390,480,590,480,390,320,390,390,390,390,390,480,480,590,590,590,720,480,480,480,480,480,390,390,390,390,390,390.0,390.0,320.0,390.0,390.0,390.0,320.0,320.0,320.0,320.0,390.0,390.0,390.0,320.0,320.0,320.0,320.0,320.0,320.0,390.0,390.0,260.0,210.0,260.0,260.0,390.0,390.0,390.0,390.0,480.0,390.0,390.0,390.0,320.0,320.0,,,,,,,,,,
cybersecurity management services,0.05,LOW,$91.30,390.0,$21.51,$65.66,"10012, 10016, 10019, 10102, 10141, 10168, 10763, 10885, 12204, 12394, 13092",880,260,480,260,260,210,260,390,210,480,390,170,260,390,170,140,140,260,170,210,170,210,260,320,320,320,480,320,390,260,320,320,210,210,170,110,140,140.0,210.0,140.0,210.0,170.0,170.0,170.0,210.0,170.0,170.0,210.0,210.0,170.0,110.0,90.0,140.0,20.0,110.0,40.0,40.0,40.0,40.0,20.0,30.0,10.0,10.0,10.0,10.0,10.0,20.0,10.0,10.0,10.0,0.0,0.0,,,,,,,,,,
cybersecurity management solutions,0.15,LOW,$34.05,10.0,$14.69,$30.00,"10004, 10276",10,10,10,10,20,20,10,10,10,10,10,10,10,10,10,10,10,10,20,20,10,40,10,40,40,50,50,20,30,50,170,170,170,70,40,10,10,10.0,10.0,10.0,10.0,10.0,0.0,0.0,10.0,10.0,0.0,10.0,0.0,0.0,10.0,0.0,10.0,0.0,10.0,10.0,0.0,0.0,0.0,0.0,0.0,0.0,0.0,0.0,0.0,0.0,0.0,0.0,0.0,0.0,0.0,0.0,,,,,,,,,,
cybersecurity manufacturers,0.57,MEDIUM,$0.00,10.0,$0.00,$0.00,"10007, 13088, 13418",10,10,10,0,0,10,10,10,0,10,10,10,10,10,10,10,10,0,0,10,10,0,10,10,10,0,0,10,10,10,0,10,10,10,10,0,0,0.0,0.0,10.0,10.0,0.0,10.0,10.0,10.0,0.0,0.0,0.0,0.0,0.0,0.0,0.0,0.0,0.0,0.0,0.0,0.0,0.0,0.0,0.0,0.0,0.0,0.0,,,,,,,,,,,,,,,,,,,
cybersecurity market,0.27,LOW,$27.34,320.0,$6.19,$18.93,"10007, 10019, 10168, 10885, 12204, 13088, 13092, 13418",320,320,260,260,320,260,320,260,390,260,210,260,210,210,260,260,260,320,390,320,320,320,260,390,390,320,390,260,390,260,320,320,260,260,210,260,320,260.0,320.0,260.0,260.0,260.0,320.0,320.0,320.0,260.0,260.0,320.0,320.0,390.0,390.0,390.0,390.0,320.0,260.0,320.0,320.0,320.0,260.0,320.0,390.0,260.0,260.0,320.0,260.0,210.0,260.0,210.0,210.0,210.0,140.0,210.0,,,,,,,,,,
cybersecurity measures,0.22,LOW,$5.60,260.0,$2.79,$7.59,"10019, 10168, 10885, 12204, 13092",320,260,210,210,210,260,320,260,260,210,390,320,320,210,170,170,140,170,170,170,170,140,140,210,210,170,170,140,110,90,170,140,140,110,260,260,320,110.0,70.0,90.0,110.0,110.0,140.0,110.0,70.0,90.0,70.0,110.0,90.0,70.0,70.0,50.0,50.0,90.0,110.0,90.0,70.0,110.0,70.0,90.0,110.0,70.0,70.0,70.0,50.0,70.0,90.0,70.0,70.0,50.0,40.0,70.0,,,,,,,,,,
cybersecurity mitigation,0.23,LOW,$6.79,40.0,$4.10,$10.62,"10012, 10102, 12394",40,40,40,30,30,40,40,40,40,40,40,40,40,50,40,40,50,70,50,40,40,50,30,40,50,50,70,70,50,40,70,70,50,30,30,40,40,30.0,40.0,30.0,40.0,40.0,30.0,40.0,40.0,40.0,30.0,40.0,20.0,20.0,20.0,20.0,20.0,20.0,20.0,20.0,20.0,20.0,10.0,20.0,20.0,10.0,10.0,20.0,10.0,10.0,20.0,10.0,10.0,10.0,10.0,10.0,,,,,,,,,,
cybersecurity mitigation strategies,0.4,MEDIUM,$28.58,20.0,$5.60,$18.56,"10012, 10102, 12394",20,30,20,20,30,10,20,40,30,20,10,20,20,20,10,20,30,40,50,40,40,40,40,40,50,50,40,50,30,20,30,30,30,20,20,20,50,30.0,30.0,30.0,50.0,20.0,40.0,20.0,30.0,10.0,30.0,30.0,50.0,40.0,20.0,30.0,20.0,20.0,30.0,20.0,10.0,20.0,20.0,30.0,30.0,10.0,10.0,20.0,20.0,10.0,20.0,20.0,30.0,10.0,10.0,10.0,10.0,,,,,,,,,
cybersecurity monitoring,0.23,LOW,$36.74,320.0,$11.51,$30.00,"10019, 10168, 10885, 12204, 13092",260,320,480,260,260,260,320,390,260,590,390,210,320,590,260,210,260,320,320,390,320,390,320,260,390,390,480,390,2900,1300,1300,480,320,210,210,320,320,170.0,170.0,170.0,210.0,170.0,140.0,170.0,170.0,170.0,170.0,170.0,210.0,170.0,140.0,170.0,210.0,260.0,210.0,170.0,210.0,260.0,210.0,170.0,140.0,140.0,90.0,110.0,110.0,90.0,110.0,70.0,,,,,,,,,,,,,,
cybersecurity monitoring services,0.13,LOW,$32.90,90.0,$15.58,$50.94,"10019, 10168, 10885, 12204, 13092",90,170,110,90,110,90,110,90,90,90,50,50,70,50,50,70,70,210,170,140,110,170,170,140,170,210,320,170,140,170,260,140,140,90,110,210,210,50.0,70.0,40.0,50.0,50.0,50.0,110.0,40.0,40.0,50.0,70.0,70.0,50.0,30.0,70.0,110.0,0.0,0.0,0.0,0.0,0.0,0.0,0.0,0.0,0.0,30.0,30.0,30.0,40.0,30.0,30.0,40.0,20.0,10.0,30.0,30.0,10.0,10.0,20.0,20.0,20.0,10.0,,,
cybersecurity news,0.22,LOW,$7.18,18100.0,$1.88,$7.91,"10108, 13647",18100,18100,14800,22200,14800,14800,18100,18100,22200,18100,12100,14800,14800,14800,14800,12100,12100,12100,14800,14800,14800,14800,9900,12100,14800,14800,12100,9900,12100,12100,12100,18100,14800,12100,12100,12100,14800,14800.0,12100.0,12100.0,12100.0,9900.0,9900.0,12100.0,9900.0,9900.0,9900.0,8100.0,9900.0,9900.0,8100.0,8100.0,8100.0,6600.0,8100.0,8100.0,12100.0,12100.0,8100.0,9900.0,12100.0,12100.0,4400.0,4400.0,4400.0,4400.0,4400.0,4400.0,4400.0,4400.0,2900.0,4400.0,,,,,,,,,,
cybersecurity offense,,,$0.00,,$0.00,$0.00,"10007, 13088, 13418",0,0,0,0,0,0,0,0,0,0,0,0,0,0,0,0,0,0,0,0,0,0,0,0,0,0,0,0,0,0,0,0,0,0,0,0,0,0.0,0.0,0.0,0.0,0.0,0.0,0.0,0.0,0.0,0.0,0.0,0.0,0.0,0.0,0.0,0.0,0.0,0.0,0.0,0.0,0.0,0.0,0.0,0.0,0.0,0.0,0.0,0.0,0.0,0.0,0.0,0.0,,,,,,,,,,,,,
cybersecurity operations,0.33,LOW,$13.93,480.0,$4.50,$10.06,"10007, 10019, 10168, 10885, 12204, 13088, 13092, 13418",1000,720,880,480,390,320,320,320,260,320,260,320,320,260,260,260,260,320,260,320,260,260,210,320,390,320,480,320,260,320,320,320,260,260,320,390,390,210.0,210.0,210.0,170.0,210.0,260.0,210.0,210.0,260.0,170.0,170.0,210.0,170.0,210.0,210.0,210.0,170.0,170.0,140.0,210.0,210.0,170.0,210.0,210.0,210.0,140.0,170.0,140.0,140.0,140.0,140.0,,,,,,,,,,,,,,
cybersecurity operations center,0.29,LOW,$30.92,50.0,$8.72,$30.32,"10007, 10019, 10168, 10885, 12204, 13088, 13092, 13418",70,70,50,50,50,50,40,70,40,70,90,50,70,70,50,40,40,50,50,50,50,70,30,50,90,70,110,70,40,50,90,70,90,40,40,30,70,40.0,50.0,30.0,40.0,30.0,40.0,30.0,40.0,40.0,30.0,20.0,40.0,50.0,40.0,20.0,40.0,50.0,50.0,40.0,40.0,50.0,40.0,30.0,40.0,40.0,140.0,110.0,110.0,70.0,140.0,70.0,110.0,90.0,40.0,70.0,,,,,,,,,,
cybersecurity opportunities,0.43,MEDIUM,$8.91,90.0,$4.21,$15.66,"10007, 13088, 13418",70,70,90,70,70,110,90,90,110,90,90,70,90,70,70,70,70,90,110,70,70,90,70,70,70,50,70,50,90,50,50,50,50,50,50,50,50,70.0,40.0,30.0,40.0,30.0,30.0,30.0,40.0,40.0,40.0,40.0,30.0,40.0,30.0,30.0,40.0,40.0,30.0,30.0,30.0,20.0,40.0,30.0,30.0,30.0,40.0,30.0,30.0,40.0,70.0,40.0,30.0,20.0,20.0,40.0,,,,,,,,,,
cybersecurity organizations,0.39,MEDIUM,$8.49,880.0,$2.73,$9.19,"10019, 10168, 10885, 12204, 13092",1300,1000,1000,720,720,590,720,720,720,880,720,720,880,1600,1600,480,480,480,590,590,590,720,590,590,590,720,590,480,480,720,480,480,480,480,390,480,590,720.0,480.0,390.0,390.0,480.0,320.0,480.0,590.0,590.0,880.0,390.0,480.0,390.0,480.0,390.0,480.0,480.0,480.0,390.0,590.0,480.0,480.0,480.0,480.0,480.0,210.0,170.0,210.0,260.0,210.0,260.0,260.0,260.0,210.0,260.0,320.0,390.0,390.0,320.0,210.0,260.0,260.0,,,
cybersecurity partners,0.24,LOW,$35.87,140.0,$8.30,$39.95,"10007, 13088, 13418",140,70,110,110,90,170,110,140,110,170,260,320,320,210,210,170,140,90,170,110,110,70,70,90,90,90,90,70,110,110,110,90,90,90,70,110,50,70.0,50.0,50.0,50.0,70.0,40.0,50.0,50.0,40.0,40.0,70.0,50.0,50.0,30.0,50.0,40.0,30.0,50.0,50.0,50.0,40.0,40.0,40.0,50.0,30.0,40.0,40.0,50.0,50.0,70.0,140.0,90.0,50.0,70.0,70.0,50.0,,,,,,,,,
cybersecurity partnerships,0.24,LOW,$35.87,140.0,$8.30,$39.95,"10007, 13088, 13418",140,70,110,110,90,170,110,140,110,170,260,320,320,210,210,170,140,90,170,110,110,70,70,90,90,90,90,70,110,110,110,90,90,90,70,110,50,70.0,50.0,50.0,50.0,70.0,40.0,50.0,50.0,40.0,40.0,70.0,50.0,50.0,30.0,50.0,40.0,30.0,50.0,50.0,50.0,40.0,40.0,40.0,50.0,30.0,40.0,40.0,50.0,50.0,70.0,140.0,90.0,50.0,70.0,70.0,50.0,30.0,30.0,30.0,10.0,30.0,30.0,,,
cybersecurity penetration testing,0.34,MEDIUM,$30.19,480.0,$8.17,$45.45,"10019, 10168, 10885, 12204, 13092",590,480,480,480,480,590,590,590,480,590,390,480,480,480,390,390,480,590,590,590,480,480,390,480,480,480,720,480,390,390,480,480,390,390,260,260,320,320.0,320.0,260.0,320.0,320.0,260.0,260.0,260.0,320.0,260.0,260.0,320.0,320.0,260.0,260.0,320.0,320.0,320.0,320.0,320.0,320.0,260.0,260.0,320.0,320.0,320.0,260.0,260.0,260.0,260.0,260.0,260.0,170.0,140.0,110.0,170.0,140.0,110.0,110.0,110.0,110.0,140.0,,,
cybersecurity planning,0.35,MEDIUM,$20.25,260.0,$5.95,$21.90,"10007, 10016, 10019, 10141, 10168, 10763, 10885, 12204, 13088, 13092, 13418",260,260,210,260,260,320,320,320,390,260,260,320,320,260,320,260,320,390,390,480,390,390,320,390,480,390,480,390,320,320,320,390,390,320,320,320,320,320.0,320.0,320.0,390.0,390.0,390.0,390.0,320.0,320.0,320.0,260.0,260.0,210.0,260.0,260.0,210.0,210.0,210.0,210.0,320.0,320.0,210.0,260.0,320.0,260.0,210.0,210.0,210.0,210.0,260.0,210.0,210.0,170.0,140.0,170.0,,,,,,,,,,
cybersecurity platforms,0.33,LOW,$20.76,320.0,$9.17,$30.86,"10007, 13088, 13418",480,480,590,320,320,320,320,320,260,320,170,170,210,210,210,210,170,170,260,260,210,260,260,320,320,480,480,390,390,320,320,260,260,260,260,170,140,110.0,170.0,170.0,140.0,140.0,110.0,140.0,140.0,110.0,110.0,110.0,110.0,90.0,90.0,90.0,90.0,110.0,70.0,90.0,90.0,90.0,90.0,90.0,90.0,70.0,90.0,70.0,70.0,70.0,110.0,70.0,70.0,50.0,50.0,50.0,50.0,70.0,50.0,50.0,40.0,30.0,40.0,,,
cybersecurity policies,0.3,LOW,$12.47,1300.0,$3.14,$15.21,"10019, 10168, 10885, 12204, 13092",1300,1000,880,1000,1000,1300,1300,1300,1300,1300,1000,1300,1300,1300,1000,1000,880,1300,1000,1300,1300,1000,1000,1000,1300,1000,1300,1000,1000,1300,1300,1300,1300,1000,1000,1300,1000,1000.0,880.0,880.0,1000.0,880.0,1000.0,1000.0,1000.0,880.0,720.0,880.0,880.0,880.0,880.0,880.0,880.0,880.0,880.0,880.0,1000.0,1000.0,720.0,880.0,1000.0,880.0,880.0,880.0,720.0,880.0,880.0,880.0,880.0,880.0,590.0,720.0,,,,,,,,,,
cybersecurity policies and procedures,0.37,MEDIUM,$22.30,140.0,$3.70,$18.05,"10007, 10019, 10168, 10296, 10885, 11268, 12204, 12209, 13088, 13092, 13418",140,140,110,90,140,140,170,140,170,170,110,170,170,140,140,110,140,140,140,170,90,140,110,110,110,110,140,110,110,110,110,110,110,70,90,70,70,50.0,50.0,50.0,90.0,50.0,40.0,70.0,50.0,50.0,50.0,50.0,90.0,70.0,70.0,90.0,90.0,90.0,90.0,90.0,90.0,140.0,90.0,90.0,90.0,70.0,70.0,50.0,70.0,70.0,110.0,90.0,70.0,70.0,50.0,50.0,70.0,90.0,90.0,90.0,70.0,50.0,90.0,,,
cybersecurity policy,0.3,LOW,$12.47,1300.0,$3.14,$15.21,"10007, 10019, 10168, 10885, 12204, 13088, 13092, 13418",1300,1000,880,1000,1000,1300,1300,1300,1300,1300,1000,1300,1300,1300,1000,1000,880,1300,1000,1300,1300,1000,1000,1000,1300,1000,1300,1000,1000,1300,1300,1300,1300,1000,1000,1300,1000,1000.0,880.0,880.0,1000.0,880.0,1000.0,1000.0,1000.0,880.0,720.0,880.0,880.0,880.0,880.0,880.0,880.0,880.0,880.0,880.0,1000.0,1000.0,720.0,880.0,1000.0,880.0,880.0,880.0,720.0,880.0,880.0,880.0,,,,,,,,,,,,,,
cybersecurity policy development,0.12,LOW,$0.00,20.0,$5.07,$22.41,"10018, 13343",20,10,20,20,10,10,20,10,20,20,10,10,20,10,20,10,10,10,10,10,10,10,10,10,10,10,20,10,20,10,20,20,20,10,20,10,10,10.0,10.0,10.0,30.0,10.0,10.0,10.0,10.0,10.0,10.0,10.0,20.0,10.0,10.0,10.0,10.0,10.0,40.0,10.0,10.0,10.0,10.0,10.0,10.0,10.0,10.0,10.0,10.0,10.0,10.0,10.0,10.0,10.0,10.0,10.0,10.0,10.0,10.0,10.0,10.0,10.0,10.0,,,
cybersecurity policy implementation,,,$0.00,,$0.00,$0.00,"10019, 10168, 10885, 12204, 13092",0,0,0,0,0,0,0,0,0,0,0,0,0,0,0,0,0,0,0,0,0,0,0,0,0,0,0,0,0,0,0,0,0,0,0,0,0,0.0,0.0,0.0,0.0,,,,,,,,,,,,,,,,,,,,,,,,,,,,,,,,,,,,,,,,,
cybersecurity practices,0.49,MEDIUM,$8.44,390.0,$3.57,$13.51,"10007, 13088, 13418",480,390,480,320,390,480,480,480,480,480,320,320,320,320,320,320,260,320,320,320,260,260,260,260,320,260,210,210,210,210,260,260,210,170,170,140,210,170.0,140.0,140.0,140.0,170.0,170.0,140.0,140.0,170.0,170.0,170.0,170.0,170.0,140.0,140.0,140.0,170.0,140.0,140.0,170.0,210.0,170.0,170.0,210.0,210.0,210.0,170.0,140.0,170.0,170.0,140.0,110.0,140.0,90.0,90.0,,,,,,,,,,
cybersecurity prevention,0.35,MEDIUM,$18.58,90.0,$6.15,$22.17,"10019, 10168, 10885, 12204, 13092",70,90,70,70,70,90,90,70,90,90,90,90,110,70,50,50,70,110,140,110,110,110,110,110,110,90,140,110,140,90,110,110,70,70,110,210,260,70.0,50.0,50.0,50.0,70.0,70.0,70.0,30.0,70.0,70.0,110.0,70.0,50.0,40.0,50.0,40.0,50.0,50.0,30.0,70.0,50.0,50.0,70.0,70.0,40.0,40.0,40.0,30.0,30.0,50.0,50.0,30.0,20.0,30.0,30.0,40.0,30.0,20.0,10.0,20.0,20.0,40.0,,,
cybersecurity procedures,0.2,LOW,$0.00,50.0,$4.51,$19.15,"10019, 10168, 10885, 12204, 13092",50,50,40,30,30,30,70,50,40,50,40,50,50,50,50,40,50,40,50,40,50,50,50,50,40,50,70,50,70,50,90,70,70,40,70,50,50,50.0,50.0,40.0,50.0,40.0,40.0,50.0,30.0,30.0,30.0,50.0,40.0,50.0,40.0,40.0,30.0,40.0,50.0,30.0,70.0,40.0,20.0,30.0,20.0,30.0,30.0,40.0,20.0,30.0,40.0,20.0,30.0,30.0,20.0,20.0,10.0,20.0,30.0,20.0,20.0,30.0,30.0,20.0,20.0,
cybersecurity products,0.38,MEDIUM,$17.73,260.0,$5.56,$20.68,"10007, 10019, 10168, 10885, 12204, 13088, 13092, 13418",320,260,260,210,210,390,320,390,320,260,210,260,260,320,260,210,210,260,390,390,320,390,320,390,390,390,390,390,390,390,390,390,320,320,390,480,390,260.0,210.0,210.0,210.0,260.0,210.0,210.0,210.0,260.0,210.0,210.0,260.0,170.0,210.0,210.0,210.0,210.0,210.0,210.0,260.0,210.0,260.0,210.0,210.0,170.0,170.0,170.0,140.0,170.0,260.0,170.0,170.0,140.0,90.0,110.0,,,,,,,,,,
cybersecurity professionals,0.31,LOW,$16.56,880.0,$6.08,$20.68,"10019, 10168, 10885, 12204, 13092",1000,880,880,720,720,1000,1000,880,880,1000,880,880,1000,880,880,880,720,880,880,880,880,880,720,720,720,720,880,720,720,720,720,880,720,720,590,590,590,590.0,590.0,480.0,480.0,590.0,590.0,590.0,480.0,590.0,590.0,590.0,590.0,590.0,590.0,590.0,480.0,480.0,480.0,390.0,390.0,480.0,390.0,390.0,390.0,390.0,390.0,320.0,260.0,260.0,320.0,260.0,260.0,260.0,210.0,210.0,,,,,,,,,,
cybersecurity program,0.56,MEDIUM,$39.95,6600.0,$9.13,$39.21,"10007, 13088, 13418",9900,5400,12100,12100,5400,6600,5400,4400,4400,5400,4400,4400,4400,4400,6600,5400,4400,5400,4400,4400,4400,5400,3600,3600,4400,4400,4400,4400,4400,3600,2900,2900,2900,2900,2400,2400,2400,2400.0,2400.0,1900.0,1900.0,2400.0,1900.0,1900.0,1900.0,1900.0,1600.0,1600.0,1900.0,1600.0,1600.0,1600.0,1600.0,1600.0,1300.0,1300.0,1600.0,1600.0,1300.0,1300.0,1300.0,1600.0,1600.0,1300.0,1000.0,1300.0,1300.0,1300.0,1000.0,1300.0,880.0,1000.0,,,,,,,,,,
cybersecurity protection,0.27,LOW,$31.72,590.0,$9.16,$30.66,"10007, 10019, 10168, 10885, 12204, 13088, 13092, 13418",480,390,590,480,480,590,590,720,480,590,480,590,720,720,390,480,320,720,480,390,390,390,390,320,390,320,480,260,260,260,320,390,390,260,210,260,260,260.0,260.0,260.0,260.0,260.0,260.0,210.0,210.0,210.0,260.0,260.0,260.0,210.0,170.0,170.0,140.0,210.0,170.0,170.0,210.0,260.0,210.0,210.0,260.0,210.0,140.0,170.0,110.0,140.0,210.0,170.0,,,,,,,,,,,,,,
cybersecurity protection services,0.1,LOW,$16.48,30.0,$10.46,$24.33,"10019, 10168, 10885, 12204, 13092",50,40,30,30,30,30,30,30,40,30,20,30,40,30,20,20,20,30,10,0,10,10,10,10,10,10,10,10,10,10,10,20,10,10,10,10,10,10.0,10.0,10.0,10.0,10.0,10.0,10.0,10.0,10.0,10.0,10.0,10.0,0.0,10.0,10.0,10.0,10.0,10.0,10.0,0.0,10.0,10.0,0.0,0.0,0.0,0.0,,,,,,,,,,,,,,,,,,,
cybersecurity protocols,0.28,LOW,$12.26,170.0,$3.80,$12.97,"10007, 13088, 13418",170,140,210,140,170,170,210,210,170,170,110,170,170,140,170,140,110,140,110,140,110,110,70,110,110,110,90,70,110,110,110,170,140,110,90,90,110,90.0,90.0,90.0,110.0,90.0,90.0,110.0,110.0,70.0,90.0,170.0,90.0,110.0,90.0,50.0,70.0,90.0,90.0,90.0,110.0,50.0,70.0,90.0,90.0,50.0,50.0,70.0,40.0,70.0,70.0,70.0,50.0,50.0,40.0,50.0,70.0,,,,,,,,,
cybersecurity providers,0.28,LOW,$34.99,260.0,$10.90,$37.02,"10007, 10019, 10168, 10885, 12204, 13088, 13092, 13418",320,320,210,210,210,210,320,260,260,260,170,210,390,170,140,110,140,140,170,260,210,210,210,260,260,390,720,320,260,320,390,260,260,140,140,170,170,170.0,170.0,260.0,140.0,140.0,170.0,170.0,140.0,260.0,170.0,210.0,260.0,260.0,210.0,170.0,170.0,140.0,110.0,110.0,110.0,140.0,140.0,90.0,170.0,210.0,170.0,50.0,140.0,210.0,170.0,90.0,90.0,70.0,70.0,50.0,70.0,40.0,30.0,50.0,20.0,40.0,40.0,,,
cybersecurity publications,0.32,LOW,$6.65,140.0,$2.53,$10.78,"10007, 13088, 13418",140,140,140,110,170,140,140,140,140,140,110,140,140,140,140,140,170,110,140,110,140,170,140,110,170,110,140,140,140,110,110,170,140,140,110,90,110,140.0,140.0,110.0,140.0,110.0,140.0,140.0,110.0,140.0,110.0,170.0,210.0,170.0,140.0,90.0,110.0,90.0,90.0,70.0,110.0,140.0,90.0,90.0,110.0,90.0,90.0,110.0,110.0,70.0,70.0,90.0,90.0,110.0,70.0,70.0,,,,,,,,,,
cybersecurity recovery,0.25,LOW,$15.45,30.0,$8.63,$20.49,"10019, 10168, 12201, 13090",30,30,30,20,20,40,30,20,40,20,20,30,20,30,30,10,20,30,20,20,20,10,20,10,20,20,20,10,30,20,10,10,10,10,20,10,20,20.0,10.0,10.0,10.0,20.0,10.0,20.0,10.0,10.0,10.0,10.0,10.0,20.0,10.0,10.0,10.0,20.0,40.0,10.0,10.0,10.0,10.0,10.0,10.0,10.0,10.0,10.0,10.0,10.0,10.0,0.0,10.0,10.0,10.0,10.0,10.0,0.0,10.0,10.0,10.0,10.0,10.0,,,
cybersecurity regulations,0.32,LOW,$4.87,590.0,$1.99,$6.96,"10007, 13088, 13418",1000,720,720,590,390,390,390,720,390,390,320,390,390,320,320,320,260,320,320,390,320,320,320,320,390,390,320,260,260,320,390,390,260,260,210,210,260,210.0,210.0,210.0,260.0,260.0,260.0,260.0,210.0,210.0,210.0,260.0,260.0,210.0,260.0,210.0,210.0,210.0,260.0,260.0,320.0,320.0,260.0,210.0,260.0,260.0,390.0,390.0,320.0,320.0,320.0,210.0,,,,,,,,,,,,,,
cybersecurity requirements,0.36,MEDIUM,$12.81,1300.0,$2.76,$11.90,"10019, 10168, 10885, 12204, 13092",1900,1600,1600,1300,1300,1300,1300,1000,1000,1300,1000,1000,1300,1300,1600,1300,1000,1000,1000,1000,880,1000,1000,1000,1300,1300,1600,1300,1300,1300,1000,1000,880,1000,720,720,880,880.0,880.0,720.0,590.0,720.0,590.0,720.0,720.0,880.0,590.0,590.0,590.0,590.0,590.0,480.0,480.0,720.0,590.0,480.0,720.0,140.0,70.0,720.0,590.0,480.0,590.0,480.0,480.0,480.0,480.0,480.0,480.0,480.0,320.0,480.0,,,,,,,,,,
cybersecurity research,0.3,LOW,$6.67,590.0,$2.17,$7.37,"10019, 10168, 10885, 12204, 13092",1000,880,880,590,480,320,480,480,320,480,390,390,480,480,390,320,260,390,480,480,480,590,320,390,390,390,480,320,390,260,390,320,320,320,210,260,320,260.0,260.0,210.0,260.0,210.0,260.0,210.0,260.0,320.0,210.0,260.0,320.0,260.0,260.0,210.0,210.0,210.0,260.0,260.0,320.0,320.0,210.0,320.0,320.0,320.0,320.0,260.0,260.0,260.0,320.0,260.0,320.0,260.0,210.0,260.0,,,,,,,,,,
cybersecurity researchers,0.3,LOW,$6.67,590.0,$2.17,$7.37,"10007, 13088, 13418",1000,880,880,590,480,320,480,480,320,480,390,390,480,480,390,320,260,390,480,480,480,590,320,390,390,390,480,320,390,260,390,320,320,320,210,260,320,260.0,260.0,210.0,260.0,210.0,260.0,210.0,260.0,320.0,210.0,260.0,320.0,260.0,260.0,210.0,210.0,210.0,260.0,260.0,320.0,320.0,210.0,320.0,320.0,320.0,320.0,260.0,260.0,260.0,320.0,260.0,320.0,260.0,210.0,260.0,260.0,260.0,260.0,170.0,210.0,210.0,210.0,,,
cybersecurity resellers,0.55,MEDIUM,$32.20,90.0,$12.81,$49.50,"10007, 13088, 13418",90,90,70,90,70,140,90,110,90,110,90,90,70,90,70,50,70,90,70,50,90,90,70,70,50,70,70,70,70,110,90,110,70,90,50,70,50,70.0,70.0,50.0,70.0,50.0,30.0,50.0,70.0,70.0,70.0,70.0,90.0,110.0,90.0,50.0,70.0,50.0,50.0,70.0,50.0,50.0,50.0,40.0,50.0,40.0,40.0,40.0,40.0,40.0,40.0,40.0,50.0,50.0,50.0,40.0,,,,,,,,,,
cybersecurity resilience,0.19,LOW,$23.64,210.0,$8.37,$23.17,"10007, 13088, 13418",260,170,320,210,210,210,260,210,210,170,140,140,140,140,110,110,140,140,210,140,140,140,140,170,210,170,210,140,170,140,210,170,110,110,110,140,140,110.0,110.0,110.0,90.0,110.0,90.0,90.0,50.0,70.0,90.0,70.0,90.0,70.0,50.0,70.0,50.0,50.0,40.0,70.0,90.0,70.0,30.0,40.0,90.0,50.0,90.0,90.0,50.0,50.0,70.0,70.0,70.0,50.0,50.0,40.0,140.0,70.0,50.0,40.0,40.0,70.0,40.0,,,
cybersecurity resources,0.53,MEDIUM,$19.90,260.0,$3.98,$14.58,"10016, 10141, 10763",210,260,210,260,210,320,260,260,210,320,210,260,260,260,210,210,210,320,260,260,260,320,210,210,320,260,320,260,260,320,320,320,260,260,320,390,480,170.0,210.0,320.0,210.0,170.0,170.0,210.0,140.0,170.0,170.0,210.0,320.0,210.0,320.0,210.0,210.0,260.0,170.0,210.0,260.0,260.0,210.0,170.0,260.0,210.0,140.0,170.0,110.0,210.0,210.0,260.0,210.0,170.0,90.0,140.0,,,,,,,,,,
cybersecurity risk,0.25,LOW,$11.23,1000.0,$3.32,$10.61,"10012, 10102, 12394",1900,1300,1300,1000,1000,880,1000,1000,1300,880,720,1000,1300,1000,720,880,720,1000,1900,1300,1000,1300,1000,1000,1000,1300,1000,880,1000,1000,1600,1300,1000,880,880,880,1000,880.0,880.0,720.0,720.0,720.0,720.0,720.0,720.0,720.0,720.0,720.0,880.0,720.0,720.0,720.0,590.0,720.0,720.0,720.0,880.0,720.0,590.0,590.0,880.0,590.0,480.0,480.0,590.0,480.0,590.0,480.0,480.0,480.0,390.0,480.0,,,,,,,,,,
cybersecurity risk analysis,0.24,LOW,$15.88,110.0,$6.93,$22.11,"10012, 10102, 12394",210,140,90,90,70,90,140,140,110,110,90,110,110,110,110,110,90,110,110,170,170,140,140,170,170,210,210,210,170,140,170,210,170,140,260,390,480,140.0,90.0,90.0,110.0,110.0,110.0,140.0,110.0,90.0,90.0,110.0,110.0,70.0,70.0,90.0,110.0,110.0,110.0,90.0,90.0,90.0,70.0,90.0,70.0,70.0,50.0,50.0,30.0,20.0,40.0,20.0,30.0,20.0,20.0,20.0,30.0,30.0,20.0,10.0,30.0,20.0,20.0,,,
cybersecurity risk assessment,0.25,LOW,$25.70,1300.0,$6.67,$26.32,"10012, 10102, 12394",2400,1900,1900,1300,1300,1300,1300,1000,1000,1600,720,1000,1000,1000,720,720,880,1000,1300,1300,1000,1300,1600,1600,1900,1300,1600,1300,1300,1300,1300,1300,1600,1300,1000,1000,1300,880.0,880.0,880.0,880.0,880.0,880.0,880.0,720.0,720.0,720.0,880.0,880.0,720.0,720.0,590.0,590.0,720.0,480.0,480.0,590.0,480.0,480.0,480.0,480.0,480.0,480.0,390.0,390.0,390.0,480.0,320.0,,,,,,,,,,,,,,
cybersecurity risk assessment checklist,0.09,LOW,$47.59,50.0,$9.60,$34.67,"10012, 10102, 12394",50,40,50,40,70,50,90,40,70,40,50,50,30,40,50,30,30,50,30,50,40,50,50,70,50,70,50,30,70,90,90,110,70,70,70,70,40,70.0,40.0,50.0,70.0,50.0,70.0,70.0,70.0,50.0,70.0,70.0,70.0,90.0,70.0,70.0,50.0,50.0,10.0,10.0,10.0,10.0,10.0,10.0,10.0,10.0,10.0,10.0,10.0,0.0,0.0,0.0,0.0,0.0,0.0,0.0,0.0,0.0,0.0,0.0,0.0,0.0,0.0,,,
cybersecurity risk assessment framework,0.31,LOW,$32.46,70.0,$5.65,$38.00,"10012, 10102, 12394",110,50,70,40,50,70,90,70,90,70,90,50,50,70,50,50,70,40,70,70,70,70,50,50,90,90,50,40,40,50,70,90,70,90,90,170,170,70.0,50.0,50.0,50.0,50.0,70.0,90.0,70.0,50.0,40.0,50.0,70.0,40.0,40.0,40.0,20.0,30.0,20.0,20.0,20.0,30.0,10.0,30.0,30.0,20.0,50.0,50.0,50.0,50.0,40.0,50.0,50.0,30.0,20.0,50.0,70.0,30.0,40.0,40.0,40.0,50.0,40.0,,,
cybersecurity risk assessment matrix,0.15,LOW,$6.09,70.0,$7.47,$24.07,"10012, 10102, 12394",70,70,70,50,70,70,70,70,70,70,70,70,110,90,90,90,110,90,110,140,140,140,140,140,110,140,110,140,140,140,140,170,140,110,210,260,260,90.0,90.0,110.0,140.0,140.0,90.0,90.0,70.0,70.0,70.0,70.0,70.0,70.0,70.0,50.0,70.0,90.0,40.0,10.0,20.0,20.0,10.0,10.0,10.0,10.0,10.0,10.0,10.0,10.0,10.0,0.0,0.0,0.0,0.0,0.0,0.0,0.0,0.0,0.0,0.0,0.0,0.0,,,
cybersecurity risk assessment methodology,0.37,MEDIUM,$25.59,20.0,$5.62,$37.89,"10012, 10102, 12394",20,10,20,10,20,20,30,10,20,20,10,10,10,20,10,30,30,30,20,30,40,20,20,40,50,30,40,30,20,40,30,50,40,20,30,20,20,30.0,30.0,30.0,40.0,30.0,30.0,40.0,30.0,30.0,20.0,30.0,30.0,30.0,10.0,30.0,20.0,40.0,30.0,40.0,20.0,20.0,40.0,20.0,20.0,30.0,20.0,20.0,30.0,10.0,10.0,10.0,10.0,10.0,10.0,10.0,0.0,10.0,10.0,10.0,10.0,20.0,20.0,,,
cybersecurity risk assessment process,0.35,MEDIUM,$13.11,40.0,$4.42,$19.58,"10012, 10102, 12394",40,20,40,20,20,40,50,50,50,70,40,50,70,50,40,40,50,50,70,70,50,40,20,30,30,20,40,30,30,20,40,30,50,10,10,20,20,20.0,20.0,30.0,20.0,20.0,30.0,20.0,20.0,10.0,10.0,20.0,20.0,10.0,20.0,20.0,10.0,10.0,10.0,10.0,10.0,10.0,10.0,10.0,10.0,10.0,10.0,10.0,0.0,10.0,10.0,,,,,,,,,,,,,,,
cybersecurity risk assessment questionnaire,0.06,LOW,$21.16,70.0,$5.16,$21.42,"10012, 10102, 12394",210,140,210,70,40,40,50,40,20,20,20,30,20,20,20,20,30,40,40,30,30,30,20,50,30,30,30,20,20,20,30,40,40,30,30,30,40,20.0,40.0,40.0,40.0,40.0,30.0,50.0,30.0,30.0,10.0,20.0,30.0,10.0,20.0,10.0,20.0,20.0,20.0,20.0,20.0,20.0,20.0,50.0,30.0,10.0,10.0,10.0,20.0,20.0,20.0,20.0,0.0,0.0,0.0,0.0,0.0,0.0,0.0,0.0,0.0,0.0,0.0,,,
cybersecurity risk assessment report,0.19,LOW,$0.00,40.0,$7.62,$30.99,"10012, 10102, 12394",50,50,40,30,30,30,50,30,30,50,20,40,20,20,20,20,10,30,20,10,30,30,20,20,30,20,40,30,20,10,30,20,30,10,10,20,20,20.0,40.0,20.0,20.0,30.0,20.0,40.0,30.0,30.0,20.0,40.0,30.0,20.0,30.0,20.0,10.0,30.0,20.0,30.0,30.0,20.0,20.0,10.0,10.0,10.0,10.0,10.0,10.0,10.0,10.0,10.0,10.0,10.0,10.0,10.0,10.0,,,,,,,,,
cybersecurity risk assessment services,0.05,LOW,$39.41,140.0,$25.27,$65.84,"10012, 10102, 12394",170,140,170,260,140,90,110,110,90,110,50,110,140,70,70,50,50,110,40,50,50,50,30,50,50,40,90,20,30,50,50,40,40,30,90,110,140,90.0,90.0,70.0,90.0,140.0,90.0,90.0,90.0,90.0,90.0,90.0,70.0,50.0,30.0,40.0,30.0,20.0,20.0,30.0,30.0,40.0,30.0,20.0,10.0,10.0,10.0,10.0,20.0,50.0,40.0,110.0,70.0,90.0,30.0,20.0,10.0,10.0,10.0,10.0,10.0,10.0,10.0,,,
cybersecurity risk assessment software,0.3,LOW,$0.00,20.0,$25.25,$111.02,"10012, 10102, 12394",10,20,10,20,20,10,30,30,20,20,10,10,10,20,10,10,20,20,20,10,10,10,10,10,10,20,30,10,20,10,20,10,10,10,10,10,10,10.0,10.0,20.0,10.0,20.0,10.0,10.0,10.0,10.0,10.0,10.0,10.0,10.0,10.0,10.0,10.0,10.0,10.0,10.0,10.0,10.0,10.0,10.0,10.0,10.0,10.0,,,,,,,,,,,,,,,,,,,
cybersecurity risk assessment template,0.53,MEDIUM,$14.82,320.0,$5.00,$17.86,"10012, 10102, 12394",320,260,320,320,320,390,390,390,390,390,260,480,390,320,210,210,260,260,320,480,390,390,260,260,390,320,320,260,320,320,320,320,320,260,170,210,260,210.0,210.0,260.0,320.0,210.0,320.0,320.0,320.0,320.0,320.0,260.0,320.0,260.0,320.0,260.0,320.0,390.0,110.0,140.0,170.0,170.0,140.0,140.0,170.0,140.0,210.0,210.0,170.0,170.0,210.0,170.0,210.0,170.0,110.0,210.0,170.0,140.0,140.0,140.0,170.0,210.0,210.0,,,
cybersecurity risk assessment tool,0.27,LOW,$13.12,110.0,$9.19,$38.00,"10012, 10102, 12394",90,90,90,70,110,170,170,140,140,90,90,110,110,110,70,70,90,110,110,170,110,140,140,110,90,140,110,110,110,110,140,140,110,110,140,90,140,70.0,90.0,70.0,70.0,90.0,90.0,90.0,90.0,140.0,110.0,140.0,170.0,110.0,110.0,110.0,110.0,90.0,90.0,70.0,70.0,70.0,50.0,70.0,40.0,40.0,50.0,50.0,30.0,30.0,30.0,40.0,40.0,50.0,30.0,20.0,40.0,40.0,30.0,40.0,40.0,50.0,40.0,,,
cybersecurity risk assessment tools,0.27,LOW,$13.12,110.0,$9.19,$38.00,"10012, 10102, 12394",90,90,90,70,110,170,170,140,140,90,90,110,110,110,70,70,90,110,110,170,110,140,140,110,90,140,110,110,110,110,140,140,110,110,140,90,140,70.0,90.0,70.0,70.0,90.0,90.0,90.0,90.0,140.0,110.0,140.0,170.0,110.0,110.0,110.0,110.0,90.0,90.0,70.0,70.0,70.0,50.0,70.0,40.0,40.0,20.0,50.0,30.0,30.0,30.0,40.0,70.0,50.0,20.0,20.0,50.0,50.0,20.0,10.0,20.0,10.0,30.0,,,
cybersecurity risk assessment training,0.74,HIGH,$10.93,10.0,$5.50,$34.79,"10012, 10102, 12394",10,10,10,10,20,10,10,10,10,10,10,10,10,10,20,10,10,10,10,10,10,10,10,10,10,10,10,10,10,10,10,10,10,0,0,10,10,10.0,10.0,10.0,0.0,10.0,10.0,10.0,10.0,10.0,10.0,10.0,10.0,20.0,10.0,10.0,0.0,10.0,0.0,0.0,0.0,0.0,0.0,,,,,,,,,,,,,,,,,,,,,,,
cybersecurity risk controls,,,$0.00,,$0.00,$0.00,"10012, 10102, 12394",0,0,0,0,0,0,0,0,0,0,0,0,0,0,0,0,0,0,0,0,0,0,0,0,0,0,0,0,0,0,0,0,0,0,0,0,0,0.0,0.0,0.0,0.0,0.0,0.0,0.0,0.0,0.0,0.0,0.0,0.0,0.0,0.0,0.0,0.0,0.0,0.0,0.0,0.0,0.0,,,,,,,,,,,,,,,,,,,,,,,,
cybersecurity risk framework,0.34,MEDIUM,$12.72,260.0,$5.20,$21.55,"10012, 10102, 12394",210,170,210,210,140,260,260,210,590,210,140,210,210,210,170,140,170,210,210,320,170,260,260,260,320,390,390,260,210,260,320,320,260,210,140,170,210,170.0,170.0,170.0,140.0,170.0,170.0,170.0,170.0,170.0,140.0,170.0,210.0,170.0,170.0,170.0,170.0,170.0,210.0,140.0,170.0,170.0,110.0,140.0,170.0,140.0,40.0,20.0,20.0,20.0,20.0,20.0,10.0,10.0,10.0,20.0,30.0,20.0,20.0,10.0,10.0,20.0,20.0,,,
cybersecurity risk governance,0.14,LOW,$18.89,10.0,$6.67,$21.65,"10012, 10102, 12394",30,10,10,10,10,10,20,10,10,10,10,10,20,10,20,10,10,10,10,10,20,20,10,10,10,10,10,10,10,10,20,10,10,10,10,10,10,10.0,10.0,10.0,10.0,10.0,10.0,10.0,10.0,10.0,10.0,0.0,10.0,10.0,10.0,0.0,10.0,10.0,10.0,10.0,10.0,10.0,0.0,10.0,10.0,10.0,0.0,,,,,,,,,,,,,,,,,,,
cybersecurity risk management,0.3,LOW,$18.26,1000.0,$5.98,$18.78,"10012, 10102, 12394",1600,1300,1000,1000,880,880,720,1000,1300,1000,720,720,880,880,720,720,590,720,1000,880,720,880,720,880,880,880,1000,880,880,880,880,880,720,590,480,590,590,480.0,480.0,480.0,590.0,590.0,590.0,480.0,480.0,590.0,480.0,590.0,590.0,590.0,480.0,480.0,480.0,480.0,480.0,480.0,480.0,590.0,390.0,390.0,480.0,390.0,480.0,390.0,480.0,590.0,590.0,590.0,480.0,390.0,320.0,320.0,,,,,,,,,,
cybersecurity risk management framework,0.34,MEDIUM,$12.72,260.0,$5.20,$21.55,"10012, 10102, 12394",210,170,210,210,140,260,260,210,590,210,140,210,210,210,170,140,170,210,210,320,170,260,260,260,320,390,390,260,210,260,320,320,260,210,140,170,210,170.0,170.0,170.0,140.0,170.0,170.0,170.0,170.0,170.0,140.0,170.0,210.0,170.0,170.0,170.0,170.0,170.0,210.0,140.0,170.0,170.0,110.0,140.0,170.0,140.0,90.0,90.0,70.0,110.0,90.0,90.0,70.0,90.0,40.0,50.0,30.0,70.0,170.0,90.0,90.0,110.0,110.0,,,
cybersecurity risk management services,0.03,LOW,$0.00,30.0,$18.00,$54.84,"10012, 10102, 12394",110,40,30,30,20,20,20,30,30,50,20,30,20,10,10,10,20,30,30,20,20,20,10,10,20,20,20,10,20,10,50,30,10,10,10,10,10,10.0,10.0,20.0,40.0,40.0,10.0,20.0,40.0,30.0,40.0,40.0,40.0,40.0,40.0,40.0,40.0,0.0,0.0,0.0,0.0,0.0,0.0,0.0,0.0,0.0,0.0,,,,,,,,,,,,,,,,,,,
cybersecurity risk management solutions,0.05,LOW,$60.66,20.0,$15.27,$45.00,"10012, 10102, 12394",40,30,10,20,30,10,20,10,20,10,20,20,10,10,10,10,40,30,20,20,20,10,10,20,20,30,20,10,10,10,20,10,10,10,10,10,10,10.0,10.0,10.0,10.0,10.0,10.0,10.0,10.0,0.0,0.0,0.0,0.0,0.0,0.0,0.0,0.0,0.0,0.0,0.0,0.0,0.0,0.0,0.0,0.0,0.0,0.0,,,,,,,,,,,,,,,,,,,
cybersecurity risk management strategies,,,$0.00,,$0.00,$0.00,"10012, 10102, 12394",0,0,0,0,0,0,0,0,0,0,0,0,0,0,0,0,0,0,0,0,0,0,0,0,0,0,0,0,0,0,0,0,0,0,0,0,0,0.0,0.0,0.0,0.0,0.0,0.0,0.0,0.0,0.0,0.0,0.0,0.0,0.0,0.0,0.0,0.0,0.0,0.0,0.0,0.0,0.0,0.0,0.0,0.0,0.0,0.0,0.0,0.0,0.0,0.0,0.0,0.0,,,,,,,,,,,,,
cybersecurity risk mitigation,0.11,LOW,$8.73,40.0,$5.82,$15.72,"10012, 10102, 12394",90,40,50,40,40,30,40,40,50,30,40,50,40,30,40,20,20,40,30,30,20,40,30,50,70,50,50,40,40,70,70,50,30,40,40,70,50,40.0,20.0,20.0,30.0,40.0,20.0,40.0,30.0,20.0,10.0,20.0,50.0,20.0,20.0,20.0,10.0,20.0,20.0,20.0,30.0,20.0,30.0,20.0,30.0,30.0,20.0,30.0,10.0,10.0,40.0,10.0,20.0,10.0,20.0,10.0,30.0,20.0,20.0,20.0,10.0,20.0,20.0,,,
cybersecurity risk monitoring,0.62,MEDIUM,$0.00,10.0,$0.00,$0.00,"10012, 10102, 12394",10,10,10,10,10,10,10,10,10,10,10,10,10,10,10,10,10,10,10,0,10,10,10,10,10,10,10,10,10,10,10,10,10,10,0,0,10,0.0,0.0,10.0,10.0,0.0,10.0,0.0,0.0,0.0,0.0,0.0,0.0,0.0,0.0,0.0,0.0,0.0,0.0,0.0,0.0,0.0,0.0,0.0,0.0,0.0,0.0,,,,,,,,,,,,,,,,,,,
